Rank, City, State, 2018 estimate, 2010 Census,Change[%], 2016 land area[sq mi], 2016 land area[km*km], 2016 population density[/sq mi], 2016 population density[km*km], location,
1, New York City, New York, 8398748, 8175133, +2.74%, 301.5, 780.9, 28317, 10933, 40°39′49″N 73°56′19″W, 
2, Los Angeles, California, 3990456, 3792621, +5.22%, 468.7, 1213.9, 8484, 3276, 34°01′10″N 118°24′39″W, 
3, Chicago, Illinois, 2705994, 2695598, +0.39%, 227.3, 588.7, 11900, 4600, 41°50′15″N 87°40′54″W, 
4, Houston, Texas, 2325502, 2100263, +10.72%, 637.5, 1651.1, 3613, 1395, 29°47′12″N 95°23′27″W, 
5, Phoenix, Arizona, 1660272, 1445632, +14.85%, 517.6, 1340.6, 3120, 1200, 33°34′20″N 112°05′24″W, 
6, Philadelphia, Pennsylvania, 1584138, 1526006, +3.81%, 134.2, 347.6, 11683, 4511, 40°00′34″N 75°08′00″W, 
7, San Antonio, Texas, 1532233, 1327407, +15.43%, 461.0, 1194.0, 3238, 1250, 29°28′21″N 98°31′30″W, 
8, San Diego, California, 1425976, 1307402, +9.07%, 325.2, 842.3, 4325, 1670, 32°48′55″N 117°08′06″W, 
9, Dallas, Texas, 1345047, 1197816, +12.29%, 340.9, 882.9, 3866, 1493, 32°47′36″N 96°45′59″W, 
10, San Jose, California, 1030119, 945942, +8.90%, 177.5, 459.7, 5777, 2231, 37°17′48″N 121°49′08″W, 
11, Austin, Texas, 964254, 790390, +22.00%, 312.7, 809.9, 3031, 1170, 30°18′14″N 97°45′16″W, 
12, Jacksonville, Florida, 903889, 821784, +9.99%, 747.4, 1935.8, 1178, 455, 30°20′13″N 81°39′42″W, 
13, Fort Worth, Texas, 895008, 741206, +20.75%, 342.9, 888.1, 2491, 962, 32°46′53″N 97°20′48″W, 
14, Columbus, Ohio, 892533, 787033, +13.40%, 218.5, 565.9, 3936, 1520, 39°59′07″N 82°59′05″W, 
15, San Francisco, California, 883305, 805235, +9.70%, 46.9, 121.5, 18569, 7170, 37°43′38″N 123°01′56″W, 
16, Charlotte, North Carolina, 872498, 731424, +19.29%, 305.4, 791.0, 2757, 1064, 35°12′28″N 80°49′52″W, 
17, Indianapolis, Indiana, 867125, 820445, +5.69%, 361.5, 936.3, 2366, 914, 39°46′36″N 86°08′45″W, 
18, Seattle, Washington, 744955, 608660, +22.39%, 83.8, 217.0, 8405, 3245, 47°37′14″N 122°21′03″W, 
19, Denver, Colorado, 716492, 600158, +19.38%, 153.3, 397.0, 4521, 1746, 39°45′43″N 104°52′52″W, 
20, Washington D.C., District of Columbia, 702455, 601723, +16.74%, 61.1, 158.2, 11148, 4304, 38°54′15″N 77°01′02″W, 
21, Boston, Massachusetts, 694583, 617594, +12.47%, 48.3, 125.1, 13938, 5381, 42°19′55″N 71°01′13″W, 
22, El Paso, Texas, 682669, 649121, +5.17%, 256.8, 665.1, 2660, 1030, 31°50′54″N 106°25′37″W, 
23, Detroit, Michigan, 672662, 713777, −5.76%, 138.8, 359.5, 4847, 1871, 42°22′59″N 83°06′08″W, 
24, Nashville, Tennessee, 669053, 601222, +11.28%, 475.9, 1232.6, 1388, 536, 36°10′18″N 86°47′06″W, 
25, Portland, Oregon, 653115, 583776, +11.88%, 133.5, 345.8, 4793, 1851, 45°32′13″N 122°39′00″W, 
26, Memphis, Tennessee, 650618, 646889, +0.58%, 317.4, 822.1, 2056, 794, 35°06′10″N 89°58′39″W, 
27, Oklahoma City, Oklahoma, 649021, 579999, +11.90%, 606.3, 1570.3, 1053, 407, 35°28′02″N 97°30′49″W, 
28, Las Vegas, Nevada, 644644, 583756, +10.43%, 134.4, 348.1, 4709, 1818, 36°13′45″N 115°15′36″W, 
29, Louisville, Kentucky, 620118, 597337, +3.81%, 263.5, 682.5, 2339, 903, 38°09′55″N 85°38′51″W, 
30, Baltimore, Maryland, 602495, 620961, −2.97%, 80.9, 209.5, 7598, 2934, 39°18′00″N 76°36′38″W, 
31, Milwaukee, Wisconsin, 592025, 594833, −0.47%, 96.2, 249.2, 6186, 2388, 43°03′48″N 87°58′00″W, 
32, Albuquerque, New Mexico, 560218, 545852, +2.63%, 188.2, 487.4, 2972, 1147, 35°06′20″N 106°38′51″W, 
33, Tucson, Arizona, 545975, 520116, +4.97%, 230.8, 597.8, 2299, 888, 32°09′11″N 110°52′14″W, 
34, Fresno, California, 530093, 494665, +7.16%, 114.4, 296.3, 4563, 1762, 36°47′01″N 119°47′36″W, 
35, Mesa, Arizona, 508958, 439041, +15.92%, 137.9, 357.2, 3514, 1357, 33°24′07″N 111°43′03″W, 
36, Sacramento, California, 508529, 466488, +9.01%, 97.9, 253.6, 5059, 1953, 38°34′00″N 121°28′07″W, 
37, Atlanta, Georgia, 498044, 420003, +18.58%, 133.5, 345.8, 3539, 1366, 33°45′46″N 84°25′22″W, 
38, Kansas City, Missouri, 491918, 459787, +6.99%, 315.0, 815.8, 1528, 590, 39°07′30″N 94°33′04″W, 
39, Colorado Springs, Colorado, 472688, 416427, +13.51%, 195.6, 506.6, 2378, 918, 38°52′02″N 104°45′39″W, 
40, Miami, Florida, 470914, 399457, +17.89%, 36.0, 93.2, 12599, 4865, 25°46′31″N 80°12′31″W, 
41, Raleigh, North Carolina, 469298, 403892, +16.19%, 145.1, 375.8, 3163, 1221, 35°49′50″N 78°38′30″W, 
42, Omaha, Nebraska, 468262, 408958, +14.50%, 133.2, 345.0, 3356, 1296, 41°15′52″N 96°02′42″W, 
43, Long Beach, California, 467354, 462257, +1.10%, 50.3, 130.3, 9347, 3609, 33°48′33″N 118°09′19″W, 
44, Virginia Beach, Virginia, 450189, 437994, +2.78%, 244.7, 633.8, 1850, 710, 36°46′48″N 76°01′31″W, 
45, Oakland, California, 429082, 390724, +9.82%, 55.9, 144.8, 7514, 2901, 37°46′11″N 122°13′33″W, 
46, Minneapolis, Minnesota, 425403, 382578, +11.19%, 54.0, 139.9, 7660, 2960, 44°57′48″N 93°16′06″W, 
47, Tulsa, Oklahoma, 400669, 391906, +2.24%, 196.8, 509.7, 2048, 791, 36°07′40″N 95°54′08″W, 
48, Arlington, Texas, 398112, 365438, +8.94%, 95.8, 248.1, 4100, 1600, 32°42′03″N 97°07′29″W, 
49, Tampa, Florida, 392890, 335709, +17.03%, 113.4, 293.7, 3326, 1284, 27°58′12″N 82°28′47″W, 
50, New Orleans, Louisiana, 391006, 343829, +13.72%, 169.4, 438.7, 2311, 892, 30°03′12″N 89°56′04″W, 
51, Wichita, Kansas, 389255, 382368, +1.80%, 160.4, 415.4, 2431, 939, 37°41′27″N 97°20′45″W, 
52, Cleveland, Ohio, 383793, 396815, −3.28%, 77.7, 201.2, 4965, 1917, 41°28′43″N 81°40′46″W, 
53, Bakersfield, California, 383579, 347483, +10.39%, 148.8, 385.4, 2529, 976, 35°19′16″N 119°01′06″W, 
54, Aurora, Colorado, 374114, 325078, +15.08%, 153.5, 397.6, 2356, 910, 39°41′17″N 104°41′23″W, 
55, Anaheim, California, 352005, 336265, +4.68%, 50.0, 129.5, 7021, 2711, 33°51′20″N 117°45′36″W, 
56, Honolulu, Hawaii, 347397, 337256, +3.01%, 60.5, 156.7, 5815, 2245, 21°19′27″N 157°50′51″W, 
57, Santa Ana, California, 332725, 324528, +2.53%, 27.1, 70.2, 12333, 4762, 33°44′11″N 117°52′59″W, 
58, Riverside, California, 330063, 303871, +8.62%, 81.2, 210.3, 3999, 1544, 33°56′17″N 117°23′36″W, 
59, Corpus Christi, Texas, 326554, 305215, +6.99%, 174.6, 452.2, 1866, 720, 27°45′15″N 97°10′24″W, 
60, Lexington, Kentucky, 323780, 295803, +9.46%, 283.6, 734.5, 1123, 434, 38°02′27″N 84°27′30″W, 
61, Stockton, California, 311178, 291707, +6.67%, 61.7, 159.8, 4977, 1922, 37°58′35″N 121°18′48″W, 
62, Henderson, Nevada, 310390, 257729, +20.43%, 104.7, 271.2, 2798, 1080, 36°00′35″N 115°02′09″W, 
63, Saint Paul, Minnesota, 307695, 285068, +7.94%, 52.0, 134.7, 5815, 2245, 44°56′56″N 93°06′15″W, 
64, St. Louis, Missouri, 302838, 319294, −5.15%, 62.0, 160.6, 5023, 1939, 38°38′09″N 90°14′41″W, 
65, Cincinnati, Ohio, 302605, 296943, +1.91%, 77.4, 200.5, 3860, 1490, 39°08′25″N 84°30′21″W, 
66, Pittsburgh, Pennsylvania, 301048, 305704, −1.52%, 55.4, 143.5, 5481, 2116, 40°26′23″N 79°58′36″W, 
67, Greensboro, North Carolina, 294722, 269666, +9.29%, 128.3, 332.3, 2237, 864, 36°05′42″N 79°49′37″W, 
68, Anchorage, Alaska, 291538, 291826, −0.10%, 1706.6, 4420.1, 175, 68, 61°10′27″N 149°17′03″W, 
69, Plano, Texas, 288061, 259841, +10.86%, 71.7, 185.7, 3990, 1540, 33°03′03″N 96°44′52″W, 
70, Lincoln, Nebraska, 287401, 258379, +11.23%, 92.1, 238.5, 3044, 1175, 40°48′38″N 96°40′49″W, 
71, Orlando, Florida, 285713, 238300, +19.90%, 105.2, 272.5, 2635, 1017, 28°25′00″N 81°16′25″W, 
72, Irvine, California, 282572, 212375, +33.05%, 65.6, 169.9, 4057, 1566, 33°40′42″N 117°46′17″W, 
73, Newark, New Jersey, 282090, 277140, +1.79%, 24.1, 62.4, 11691, 4514, 40°43′27″N 74°10′21″W, 
74, Toledo, Ohio, 274975, 287208, −4.26%, 80.7, 209.0, 3451, 1332, 41°39′51″N 83°34′55″W, 
75, Durham, North Carolina, 274291, 228330, +20.13%, 109.8, 284.4, 2395, 925, 35°58′52″N 78°54′10″W, 
76, Chula Vista, California, 271651, 243916, +11.37%, 49.6, 128.5, 5387, 2080, 32°37′40″N 117°00′55″W, 
77, Fort Wayne, Indiana, 267633, 253691, +5.50%, 110.6, 286.5, 2391, 923, 41°05′18″N 85°08′38″W, 
78, Jersey City, New Jersey, 265549, 247597, +7.25%, 14.8, 38.3, 17848, 6891, 40°42′41″N 74°03′53″W, 
79, St. Petersburg, Florida, 265098, 244769, +8.31%, 61.8, 160.1, 4223, 1631, 27°45′43″N 82°38′39″W, 
80, Laredo, Texas, 261639, 236091, +10.82%, 101.1, 261.8, 2544, 982, 27°33′37″N 99°29′21″W, 
81, Madison, Wisconsin, 258054, 233209, +10.65%, 77.0, 199.4, 3280, 1270, 43°05′16″N 89°25′48″W, 
82, Chandler, Arizona, 257165, 236123, +8.91%, 64.9, 168.1, 3813, 1472, 33°16′58″N 111°51′18″W, 
83, Buffalo, New York, 256304, 261310, −1.92%, 40.4, 104.6, 6359, 2455, 42°53′33″N 78°51′35″W, 
84, Lubbock, Texas, 255885, 229573, +11.46%, 124.6, 322.7, 2027, 783, 33°33′56″N 101°53′12″W, 
85, Scottsdale, Arizona, 255310, 217385, +17.45%, 183.9, 476.3, 1341, 518, 33°41′03″N 111°51′40″W, 
86, Reno, Nevada, 250998, 225221, +11.45%, 107.3, 277.9, 2286, 883, 39°32′57″N 119°51′00″W, 
87, Glendale, Arizona, 250702, 226721, +10.58%, 59.1, 153.1, 4161, 1607, 33°31′59″N 112°11′24″W, 
88, Gilbert, Arizona, 248279, 208453, +19.11%, 68.0, 176.1, 3487, 1346, 33°18′37″N 111°44′35″W, 
89, Winston–Salem, North Carolina, 246328, 229617, +7.28%, 132.5, 343.2, 1828, 706, 36°06′10″N 80°15′40″W, 
90, North Las Vegas, Nevada, 245949, 216961, +13.36%, 98.0, 253.8, 2436, 941, 36°17′09″N 115°05′38″W, 
91, Norfolk, Virginia, 244076, 242803, +0.52%, 53.3, 138.0, 4599, 1776, 36°55′23″N 76°14′41″W, 
92, Chesapeake, Virginia, 242634, 222209, +9.19%, 338.5, 876.7, 703, 271, 36°40′46″N 76°18′06″W, 
93, Garland, Texas, 242507, 226876, +6.89%, 57.0, 147.6, 4122, 1592, 32°54′35″N 96°37′49″W, 
94, Irving, Texas, 242242, 216290, +12.00%, 67.0, 173.5, 3557, 1373, 32°51′28″N 96°58′12″W, 
95, Hialeah, Florida, 238942, 224669, +6.35%, 21.5, 55.7, 10995, 4245, 25°52′12″N 80°18′10″W, 
96, Fremont, California, 237807, 214089, +11.08%, 77.5, 200.7, 3008, 1161, 37°29′40″N 121°56′28″W, 
97, Boise, Idaho, 228790, 205671, +11.24%, 82.1, 212.6, 2718, 1049, 43°36′01″N 116°13′54″W, 
98, Richmond, Virginia, 228783, 204214, +12.03%, 59.8, 154.9, 3732, 1441, 37°31′53″N 77°28′34″W, 
99, Baton Rouge, Louisiana, 221599, 229493, −3.44%, 85.9, 222.5, 2651, 1024, 30°26′32″N 91°07′51″W, 
100, Spokane, Washington, 219190, 208916, +4.92%, 68.7, 177.9, 3144, 1214, 47°40′01″N 117°26′00″W, 
101, Des Moines, Iowa, 216853, 203433, +6.60%, 88.9, 230.2, 2424, 936, 41°34′21″N 93°36′37″W, 
102, Tacoma, Washington, 216279, 198397, +9.01%, 49.7, 128.7, 4251, 1641, 47°15′08″N 122°27′35″W, 
103, San Bernardino, California, 215941, 209924, +2.87%, 61.5, 159.3, 3516, 1358, 34°08′30″N 117°17′37″W, 
104, Modesto, California, 215030, 201165, +6.89%, 43.0, 111.4, 4934, 1905, 37°38′15″N 121°00′11″W, 
105, Fontana, California, 213739, 196069, +9.01%, 43.0, 111.4, 4876, 1883, 34°06′32″N 117°27′46″W, 
106, Santa Clarita, California, 210089, 176320, +19.15%, 52.8, 136.8, 3446, 1331, 34°24′11″N 118°30′15″W, 
107, Birmingham, Alabama, 209880, 212237, −1.11%, 146.1, 378.4, 1452, 561, 33°31′39″N 86°47′56″W, 
108, Oxnard, California, 209877, 197899, +6.05%, 26.9, 69.7, 7729, 2984, 34°12′08″N 119°12′17″W, 
109, Fayetteville, North Carolina, 209468, 200564, +4.44%, 147.7, 382.5, 1386, 535, 35°04′58″N 78°58′25″W, 
110, Moreno Valley, California, 209050, 193365, +8.11%, 51.3, 132.9, 4006, 1547, 33°55′24″N 117°12′21″W, 
111, Rochester, New York, 206284, 210565, −2.03%, 35.8, 92.7, 5835, 2253, 43°10′12″N 77°37′01″W, 
112, Glendale, California, 201361, 191719, +5.03%, 30.4, 78.7, 6606, 2551, 34°10′53″N 118°14′45″W, 
113, Huntington Beach, California, 200641, 189992, +5.60%, 26.9, 69.7, 7459, 2880, 33°41′26″N 118°00′33″W, 
114, Salt Lake City, Utah, 200591, 186440, +7.59%, 111.2, 288.0, 1742, 673, 40°46′37″N 111°55′52″W, 
115, Grand Rapids, Michigan, 200217, 188040, +6.48%, 44.4, 115.0, 4424, 1708, 42°57′40″N 85°39′20″W, 
116, Amarillo, Texas, 199924, 190695, +4.84%, 101.4, 262.6, 1968, 760, 35°12′00″N 101°49′49″W, 
117, Yonkers, New York, 199663, 195976, +1.88%, 18.0, 46.6, 11156, 4307, 40°56′45″N 73°52′03″W, 
118, Aurora, Illinois, 199602, 197899, +0.86%, 44.9, 116.3, 4479, 1729, 41°45′49″N 88°17′24″W, 
119, Montgomery, Alabama, 198218, 205764, −3.67%, 159.8, 413.9, 1252, 483, 32°20′50″N 86°15′58″W, 
120, Akron, Ohio, 198006, 199110, −0.55%, 62.0, 160.6, 3188, 1231, 41°04′50″N 81°31′17″W, 
121, Little Rock, Arkansas, 197881, 193524, +2.25%, 118.7, 307.4, 1673, 646, 34°43′31″N 92°21′31″W, 
122, Huntsville, Alabama, 197318, 180105, +9.56%, 213.4, 552.7, 905, 349, 34°41′56″N 86°40′23″W, 
123, Augusta, Georgia, 196939, 195844, +0.56%, 302.5, 783.5, 652, 252, 33°21′56″N 82°04′24″W, 
124, Port St. Lucie, Florida, 195248, 164603, +18.62%, 118.9, 307.9, 1557, 601, 27°16′50″N 80°23′18″W, 
125, Grand Prairie, Texas, 194614, 175396, +10.96%, 72.3, 187.3, 2637, 1018, 32°41′13″N 97°01′16″W, 
126, Columbus, Georgia, 194160, 189885, +2.25%, 216.4, 560.5, 913, 353, 32°30′37″N 84°52′30″W, 
127, Tallahassee, Florida, 193551, 181376, +6.71%, 100.4, 260.0, 1901, 734, 30°27′18″N 84°15′12″W, 
128, Overland Park, Kansas, 192536, 173372, +11.05%, 75.1, 194.5, 2516, 971, 38°53′20″N 94°41′26″W, 
129, Tempe, Arizona, 192364, 161719, +18.95%, 40.0, 103.6, 4562, 1761, 33°23′18″N 111°55′54″W, 
130, McKinney, Texas, 191645, 131117, +46.16%, 63.0, 163.2, 2735, 1056, 33°11′55″N 96°40′05″W, 
131, Mobile, Alabama, 189572, 195111, −2.84%, 139.4, 361.0, 1384, 534, 30°40′06″N 88°06′01″W, 
132, Cape Coral, Florida, 189343, 154305, +22.71%, 105.6, 273.5, 1703, 658, 26°38′36″N 81°59′51″W, 
133, Shreveport, Louisiana, 188987, 199311, −5.18%, 107.1, 277.4, 1820, 700, 32°28′01″N 93°47′32″W, 
134, Frisco, Texas, 188170, 116989, +60.84%, 67.7, 175.3, 2417, 933, 33°09′19″N 96°49′21″W, 
135, Knoxville, Tennessee, 187500, 178874, +4.82%, 98.5, 255.1, 1891, 730, 35°58′15″N 83°56′57″W, 
136, Worcester, Massachusetts, 185877, 181045, +2.67%, 37.4, 96.9, 4933, 1905, 42°16′10″N 71°48′28″W, 
137, Brownsville, Texas, 183392, 175023, +4.78%, 132.5, 343.2, 1387, 536, 25°59′57″N 97°27′18″W, 
138, Vancouver, Washington, 183012, 161791, +13.12%, 46.9, 121.5, 3728, 1439, 45°38′06″N 122°35′45″W, 
139, Fort Lauderdale, Florida, 182595, 165521, +10.32%, 34.6, 89.6, 5166, 1995, 26°08′28″N 80°08′48″W, 
140, Sioux Falls, South Dakota, 181883, 153888, +18.19%, 75.4, 195.3, 2312, 893, 43°32′18″N 96°43′55″W, 
141, Ontario, California, 181107, 163924, +10.48%, 49.9, 129.2, 3471, 1340, 34°02′22″N 117°36′15″W, 
142, Chattanooga, Tennessee, 180557, 167674, +7.68%, 143.1, 370.6, 1241, 479, 35°03′58″N 85°14′54″W, 
143, Providence, Rhode Island, 179335, 178042, +0.73%, 18.4, 47.7, 9740, 3760, 41°49′23″N 71°25′08″W, 
144, Newport News, Virginia, 178626, 180719, −1.16%, 69.1, 179.0, 2631, 1016, 37°04′34″N 76°31′19″W, 
145, Rancho Cucamonga, California, 177751, 165269, +7.55%, 40.0, 103.6, 4413, 1704, 34°07′24″N 117°33′51″W, 
146, Santa Rosa, California, 177586, 167815, +5.82%, 41.3, 107.0, 4241, 1637, 38°26′48″N 122°42′22″W, 
147, Oceanside, California, 176080, 167086, +5.38%, 41.3, 107.0, 4249, 1641, 33°13′28″N 117°18′22″W, 
148, Salem, Oregon, 173442, 154637, +12.16%, 48.6, 125.9, 3445, 1330, 44°55′25″N 123°01′24″W, 
149, Elk Grove, California, 172886, 153015, +12.99%, 42.2, 109.3, 4022, 1553, 38°24′53″N 121°23′06″W, 
150, Garden Grove, California, 172646, 170883, +1.03%, 18.0, 46.6, 9714, 3751, 33°46′44″N 117°57′38″W, 
151, Pembroke Pines, Florida, 172374, 154019, +11.92%, 33.0, 85.5, 5109, 1973, 26°01′16″N 80°20′25″W, 
152, Peoria, Arizona, 172259, 154065, +11.81%, 175.7, 455.1, 934, 361, 33°47′10″N 112°18′29″W, 
153, Eugene, Oregon, 171245, 156185, +9.64%, 44.1, 114.2, 3777, 1458, 44°03′24″N 123°06′58″W, 
154, Corona, California, 168819, 152374, +10.79%, 39.5, 102.3, 4222, 1630, 33°51′43″N 117°33′56″W, 
155, Cary, North Carolina, 168160, 135234, +24.35%, 56.5, 146.3, 2873, 1109, 35°46′51″N 78°48′48″W, 
156, Springfield, Missouri, 168122, 159498, +5.41%, 82.3, 213.2, 2033, 785, 37°11′39″N 93°17′29″W, 
157, Fort Collins, Colorado, 167830, 143986, +16.56%, 55.8, 144.5, 2943, 1136, 40°32′54″N 105°03′53″W, 
158, Jackson, Mississippi, 164422, 173514, −5.24%, 111.0, 287.5, 1524, 588, 32°18′57″N 90°12′46″W, 
159, Alexandria, Virginia, 160530, 139966, +14.69%, 15.0, 38.8, 10387, 4010, 38°49′12″N 77°05′03″W, 
160, Hayward, California, 159620, 144186, +10.70%, 45.5, 117.8, 3493, 1349, 37°37′43″N 122°06′09″W, 
161, Lancaster, California, 159053, 156633, +1.55%, 94.3, 244.2, 1698, 656, 34°41′37″N 118°10′31″W, 
162, Lakewood, Colorado, 156798, 142980, +9.66%, 42.9, 111.1, 3599, 1390, 39°41′56″N 105°07′03″W, 
163, Clarksville, Tennessee, 156794, 132929, +17.95%, 98.3, 254.6, 1529, 590, 36°33′59″N 87°20′43″W, 
164, Palmdale, California, 156667, 152750, +2.56%, 106.0, 274.5, 1484, 573, 34°35′28″N 118°06′19″W, 
165, Salinas, California, 156259, 150441, +3.87%, 23.6, 61.1, 6662, 2572, 36°41′25″N 121°38′01″W, 
166, Springfield, Massachusetts, 155032, 153060, +1.29%, 31.9, 82.6, 4830, 1860, 42°06′56″N 72°32′24″W, 
167, Hollywood, Florida, 154823, 140768, +9.98%, 27.3, 70.7, 5568, 2150, 26°01′52″N 80°09′53″W, 
168, Pasadena, Texas, 153219, 149043, +2.80%, 43.5, 112.7, 3525, 1361, 29°39′31″N 95°09′02″W, 
169, Sunnyvale, California, 153185, 140081, +9.35%, 22.0, 57.0, 6944, 2681, 37°23′09″N 122°01′35″W, 
170, Macon, Georgia, 153095, 91351, +67.59%, 249.3, 645.7, 612, 236, 32°48′32″N 83°41′39″W, 
171, Kansas City, Kansas, 152958, 145786, +4.92%, 124.8, 323.2, 1216, 470, 39°07′21″N 94°44′30″W, 
172, Pomona, California, 152361, 149058, +2.22%, 23.0, 59.6, 6630, 2560, 34°03′31″N 117°45′40″W, 
173, Escondido, California, 152213, 143911, +5.77%, 37.1, 96.1, 4087, 1578, 33°07′59″N 117°04′26″W, 
174, Killeen, Texas, 149103, 127921, +16.56%, 53.5, 138.6, 2680, 1030, 31°04′40″N 97°43′55″W, 
175, Naperville, Illinois, 148304, 141853, +4.55%, 38.7, 100.2, 3802, 1468, 41°44′57″N 88°09′43″W, 
176, Joliet, Illinois, 148099, 147433, +0.45%, 64.4, 166.8, 2302, 889, 41°31′04″N 88°08′56″W, 
177, Bellevue, Washington, 147599, 122363, +20.62%, 33.5, 86.8, 4221, 1630, 47°35′52″N 122°09′23″W, 
178, Rockford, Illinois, 146526, 152871, −4.15%, 63.5, 164.5, 2325, 898, 42°15′32″N 89°03′53″W, 
179, Savannah, Georgia, 145862, 136286, +7.03%, 103.6, 268.3, 1417, 547, 32°00′09″N 81°09′13″W, 
180, Paterson, New Jersey, 145627, 146199, −0.39%, 8.4, 21.8, 17500, 6800, 40°54′53″N 74°09′46″W, 
181, Torrance, California, 145182, 145438, −0.18%, 20.5, 53.1, 7180, 2770, 33°50′06″N 118°20′29″W, 
182, Bridgeport, Connecticut, 144900, 144229, +0.47%, 16.1, 41.7, 9064, 3500, 41°11′15″N 73°11′45″W, 
183, McAllen, Texas, 143433, 129877, +10.44%, 58.4, 151.3, 2435, 940, 26°13′56″N 98°14′47″W, 
184, Mesquite, Texas, 142816, 139824, +2.14%, 47.2, 122.2, 3045, 1176, 32°45′46″N 96°35′20″W, 
185, Syracuse, New York, 142749, 145170, −1.67%, 25.0, 64.7, 5735, 2214, 43°02′28″N 76°08′37″W, 
186, Midland, Texas, 142344, 111147, +28.07%, 74.4, 192.7, 1809, 698, 32°01′29″N 102°06′49″W, 
187, Pasadena, California, 141371, 137122, +3.10%, 23.0, 59.6, 6176, 2385, 34°09′38″N 118°08′23″W, 
188, Murfreesboro, Tennessee, 141344, 108755, +29.97%, 55.9, 144.8, 2360, 910, 35°51′08″N 86°24′58″W, 
189, Miramar, Florida, 140823, 122041, +15.39%, 29.4, 76.1, 4709, 1818, 25°58′37″N 80°20′09″W, 
190, Dayton, Ohio, 140640, 141527, −0.63%, 55.7, 144.3, 2522, 974, 39°46′39″N 84°11′59″W, 
191, Fullerton, California, 139640, 135161, +3.31%, 22.4, 58.0, 6282, 2425, 33°53′09″N 117°55′41″W, 
192, Olathe, Kansas, 139605, 125872, +10.91%, 60.9, 157.7, 2225, 859, 38°53′03″N 94°49′10″W, 
193, Orange, California, 139484, 136416, +2.25%, 25.4, 65.8, 5532, 2136, 33°47′13″N 117°51′41″W, 
194, Thornton, Colorado, 139436, 118772, +17.40%, 35.7, 92.5, 3829, 1478, 39°55′10″N 104°56′34″W, 
195, Roseville, California, 139117, 118788, +17.11%, 43.0, 111.4, 3085, 1191, 38°46′08″N 121°19′08″W, 
196, Denton, Texas, 138541, 113383, +22.19%, 93.4, 241.9, 1433, 553, 33°13′00″N 97°08′29″W, 
197, Waco, Texas, 138183, 124805, +10.72%, 89.0, 230.5, 1510, 580, 31°33′36″N 97°11′10″W, 
198, Surprise, Arizona, 138161, 117517, +17.57%, 107.9, 279.5, 1230, 470, 33°40′14″N 112°27′10″W, 
199, Carrollton, Texas, 136879, 119097, +14.93%, 36.3, 94.0, 3674, 1419, 32°59′18″N 96°53′59″W, 
200, West Valley City, Utah, 136401, 129480, +5.35%, 35.5, 91.9, 3847, 1485, 40°41′19″N 112°00′42″W, 
201, Charleston, South Carolina, 136208, 120083, +13.43%, 109.0, 282.3, 1233, 476, 32°49′04″N 79°57′32″W, 
202, Warren, Michigan, 134587, 134056, +0.40%, 34.4, 89.1, 3928, 1517, 42°29′34″N 83°01′30″W, 
203, Hampton, Virginia, 134313, 137436, −2.27%, 51.5, 133.4, 2629, 1015, 37°02′53″N 76°17′50″W, 
204, Gainesville, Florida, 133857, 124354, +7.64%, 62.3, 161.4, 2112, 815, 29°40′44″N 82°20′46″W, 
205, Visalia, California, 133800, 124442, +7.52%, 37.5, 97.1, 3495, 1349, 36°19′38″N 119°19′44″W, 
206, Coral Springs, Florida, 133507, 121096, +10.25%, 23.8, 61.6, 5465, 2110, 26°16′15″N 80°15′33″W, 
207, Columbia, South Carolina, 133451, 129272, +3.23%, 133.5, 345.8, 1006, 388, 34°01′45″N 80°53′53″W, 
208, Cedar Rapids, Iowa, 133174, 126326, +5.42%, 70.8, 183.4, 1852, 715, 41°58′01″N 91°40′40″W, 
209, Sterling Heights, Michigan, 132964, 129699, +2.52%, 36.5, 94.5, 3628, 1401, 42°34′52″N 83°01′49″W, 
210, New Haven, Connecticut, 130418, 129779, +0.49%, 18.7, 48.4, 6948, 2683, 41°18′39″N 72°55′30″W, 
211, Stamford, Connecticut, 129775, 122643, +5.82%, 37.6, 97.4, 3434, 1326, 41°04′48″N 73°32′46″W, 
212, Concord, California, 129688, 122067, +6.24%, 30.5, 79.0, 4221, 1630, 37°58′20″N 122°00′06″W, 
213, Kent, Washington, 129618, 92411, +40.26%, 33.7, 87.3, 3784, 1461, 47°23′17″N 122°12′46″W, 
214, Santa Clara, California, 129488, 116468, +11.18%, 18.4, 47.7, 6845, 2643, 37°21′53″N 121°58′04″W, 
215, Elizabeth, New Jersey, 128885, 124969, +3.13%, 12.3, 31.9, 10459, 4038, 40°39′59″N 74°11′37″W, 
216, Round Rock, Texas, 128739, 99887, +28.88%, 35.6, 92.2, 3396, 1311, 30°31′31″N 97°39′58″W, 
217, Thousand Oaks, California, 127690, 126683, +0.79%, 55.2, 143.0, 2335, 902, 34°11′36″N 118°52′27″W, 
218, Lafayette, Louisiana, 126143, 120623, +4.58%, 53.8, 139.3, 2372, 916, 30°12′27″N 92°01′43″W, 
219, Athens, Georgia, 125964, 115452, +9.11%, 116.4, 301.5, 1060, 410, 33°56′59″N 83°22′12″W, 
220, Topeka, Kansas, 125904, 127473, −1.23%, 61.5, 159.3, 2062, 796, 39°02′05″N 95°41′46″W, 
221, Simi Valley, California, 125851, 124237, +1.30%, 41.5, 107.5, 3044, 1175, 34°16′01″N 118°44′55″W, 
222, Fargo, North Dakota, 124844, 105549, +18.28%, 49.3, 127.7, 2450, 950, 46°51′55″N 96°49′44″W, 
223, Norman, Oklahoma, 123471, 110925, +11.31%, 178.8, 463.1, 683, 264, 35°14′26″N 97°20′43″W, 
224, Columbia, Missouri, 123180, 108500, +13.53%, 65.0, 168.3, 1856, 717, 38°57′06″N 92°19′43″W, 
225, Abilene, Texas, 122999, 117063, +5.07%, 106.7, 276.4, 1146, 442, 32°27′16″N 99°44′17″W, 
226, Wilmington, North Carolina, 122607, 106476, +15.15%, 51.6, 133.6, 2278, 880, 34°12′33″N 77°53′09″W, 
227, Hartford, Connecticut, 122587, 124775, −1.75%, 17.4, 45.1, 7083, 2735, 41°45′57″N 72°40′54″W, 
228, Victorville, California, 122312, 115903, +5.53%, 73.3, 189.8, 1668, 644, 34°31′40″N 117°21′13″W, 
229, Pearland, Texas, 122149, 91252, +33.86%, 46.3, 119.9, 2453, 947, 29°33′21″N 95°19′23″W, 
230, Vallejo, California, 121913, 115942, +5.15%, 30.7, 79.5, 3951, 1525, 38°06′28″N 122°15′50″W, 
231, Ann Arbor, Michigan, 121890, 113934, +6.98%, 28.1, 72.8, 4298, 1659, 42°16′34″N 83°43′51″W, 
232, Berkeley, California, 121643, 112580, +8.05%, 10.5, 27.2, 11547, 4458, 37°52′01″N 122°17′57″W, 
233, Allentown, Pennsylvania, 121433, 118032, +2.88%, 17.5, 45.3, 6882, 2657, 40°35′37″N 75°28′42″W, 
234, Richardson, Texas, 120981, 99223, +21.93%, 28.6, 74.1, 3963, 1530, 32°58′20″N 96°42′29″W, 
235, Odessa, Texas, 120568, 99940, +20.64%, 45.2, 117.1, 2608, 1007, 31°53′02″N 102°20′28″W, 
236, Arvada, Colorado, 120492, 106433, +13.21%, 38.6, 100.0, 3043, 1175, 39°50′01″N 105°09′01″W, 
237, Cambridge, Massachusetts, 118977, 105162, +13.14%, 6.4, 16.6, 17289, 6675, 42°22′34″N 71°07′07″W, 
238, Sugar Land, Texas, 118600, 91252, +29.97%, 34.0, 88.1, 3488, 1347, 29°35′58″N 95°36′51″W, 
239, Beaumont, Texas, 118428, 118296, +0.11%, 82.1, 212.6, 1441, 556, 30°05′06″N 94°08′43″W, 
240, Lansing, Michigan, 118427, 114297, +3.61%, 39.1, 101.3, 2967, 1146, 42°42′51″N 84°33′33″W, 
241, Evansville, Indiana, 117963, 117429, +0.45%, 47.3, 122.5, 2526, 975, 37°59′16″N 87°32′05″W, 
242, Rochester, Minnesota, 116961, 106769, +9.55%, 54.6, 141.4, 2088, 806, 44°00′55″N 92°28′38″W, 
243, Independence, Missouri, 116925, 116830, +0.08%, 77.8, 201.5, 1504, 581, 39°05′08″N 94°21′08″W, 
244, Fairfield, California, 116884, 105321, +10.98%, 40.9, 105.9, 2806, 1083, 38°15′33″N 122°01′56″W, 
245, Provo, Utah, 116702, 112488, +3.75%, 41.7, 108.0, 2803, 1082, 40°14′43″N 111°38′41″W, 
246, Clearwater, Florida, 116478, 107685, +8.17%, 25.9, 67.1, 4415, 1705, 27°58′44″N 82°46′00″W, 
247, College Station, Texas, 116218, 93857, +23.82%, 51.0, 132.1, 2199, 849, 30°35′07″N 96°17′47″W, 
248, West Jordan, Utah, 116046, 103712, +11.89%, 32.3, 83.7, 3520, 1360, 40°36′09″N 112°00′03″W, 
249, Carlsbad, California, 115877, 105328, +10.02%, 37.7, 97.6, 3023, 1167, 33°07′26″N 117°16′58″W, 
250, El Monte, California, 115586, 113475, +1.86%, 9.6, 24.9, 12063, 4658, 34°04′29″N 118°01′45″W, 
251, Murrieta, California, 114985, 103466, +11.13%, 33.6, 87.0, 3324, 1283, 33°34′20″N 117°11′25″W, 
252, Temecula, California, 114742, 100097, +14.63%, 37.3, 96.6, 3031, 1170, 33°29′35″N 117°07′54″W, 
253, Springfield, Illinois, 114694, 116250, −1.34%, 60.1, 155.7, 1925, 743, 39°47′28″N 89°38′41″W, 
254, Palm Bay, Florida, 114194, 103190, +10.66%, 65.7, 170.2, 1676, 647, 27°59′08″N 80°39′45″W, 
255, Costa Mesa, California, 113615, 109960, +3.32%, 15.7, 40.7, 7186, 2775, 33°39′57″N 117°54′44″W, 
256, Westminster, Colorado, 113479, 106114, +6.94%, 31.7, 82.1, 3592, 1387, 39°52′56″N 105°03′52″W, 
257, North Charleston, South Carolina, 113237, 97471, +16.18%, 73.7, 190.9, 1483, 573, 32°55′04″N 80°03′54″W, 
258, Miami Gardens, Florida, 113069, 107167, +5.51%, 18.2, 47.1, 6212, 2398, 25°56′56″N 80°14′37″W, 
259, Manchester, New Hampshire, 112525, 109565, +2.70%, 33.1, 85.7, 3339, 1289, 42°59′06″N 71°26′39″W, 
260, High Point, North Carolina, 112316, 104371, +7.61%, 55.2, 143.0, 2015, 778, 35°59′24″N 79°59′26″W, 
261, Downey, California, 112269, 111772, +0.44%, 12.4, 32.1, 9134, 3527, 33°56′18″N 118°07′51″W, 
262, Clovis, California, 112022, 95631, +17.14%, 24.2, 62.7, 4404, 1700, 36°49′42″N 119°41′06″W, 
263, Pompano Beach, Florida, 111954, 99845, +12.13%, 24.0, 62.2, 4558, 1760, 26°14′30″N 80°08′02″W, 
264, Pueblo, Colorado, 111750, 106595, +4.84%, 53.6, 138.8, 2058, 795, 38°16′12″N 104°36′44″W, 
265, Elgin, Illinois, 111683, 108188, +3.23%, 37.4, 96.9, 2998, 1158, 42°02′23″N 88°19′18″W, 
266, Lowell, Massachusetts, 111670, 106519, +4.84%, 13.6, 35.2, 8129, 3139, 42°38′20″N 71°19′16″W, 
267, Antioch, California, 111535, 102372, +8.95%, 29.4, 76.1, 3772, 1456, 37°58′45″N 121°47′46″W, 
268, West Palm Beach, Florida, 111398, 99919, +11.49%, 55.1, 142.7, 1963, 758, 26°44′47″N 80°07′30″W, 
269, Peoria, Illinois, 111388, 115007, −3.15%, 48.2, 124.8, 2371, 915, 40°45′05″N 89°37′03″W, 
270, Everett, Washington, 111262, 103019, +8.00%, 33.3, 86.2, 3275, 1264, 47°57′24″N 122°11′29″W, 
271, Ventura[aa], California, 111128, 106433, +4.41%, 21.8, 56.5, 5027, 1941, 34°16′04″N 119°15′15″W, 
272, Centennial, Colorado, 110831, 100377, +10.41%, 29.5, 76.4, 3727, 1439, 39°35′26″N 104°52′09″W, 
273, Lakeland, Florida, 110516, 97422, +13.44%, 65.9, 170.7, 1615, 624, 28°03′20″N 81°57′18″W, 
274, Gresham, Oregon, 110158, 105594, +4.32%, 23.3, 60.3, 4786, 1848, 45°30′08″N 122°26′30″W, 
275, Richmond, California, 110146, 103701, +6.21%, 30.1, 78.0, 3648, 1409, 37°57′08″N 122°21′38″W, 
276, Billings, Montana, 109550, 104170, +5.16%, 43.7, 113.2, 2525, 975, 45°47′19″N 108°33′00″W, 
277, Inglewood, California, 109419, 109673, −0.23%, 9.1, 23.6, 12160, 4700, 33°57′22″N 118°20′39″W, 
278, Broken Arrow, Oklahoma, 109171, 98850, +10.44%, 61.7, 159.8, 1741, 672, 36°02′11″N 95°46′52″W, 
279, Sandy Springs, Georgia, 108797, 93853, +15.92%, 37.7, 97.6, 2804, 1083, 33°55′53″N 84°22′07″W, 
280, Jurupa Valley, California, 108393, 0, NA[ab], 42.9, 111.1, 2414, 932, 34°00′09″N 117°28′03″W, 
281, Hillsboro, Oregon, 108389, 91611, +18.31%, 25.0, 64.7, 4207, 1624, 45°31′41″N 122°56′09″W, 
282, Waterbury, Connecticut, 108093, 110366, −2.06%, 28.5, 73.8, 3799, 1467, 41°33′31″N 73°02′12″W, 
283, Santa Maria, California, 107408, 99553, +7.89%, 22.8, 59.1, 4662, 1800, 34°56′00″N 120°26′38″W, 
284, Boulder, Colorado, 107353, 97385, +10.24%, 24.8, 64.2, 4358, 1683, 40°01′37″N 105°15′07″W, 
285, Greeley, Colorado, 107348, 92889, +15.57%, 47.8, 123.8, 2176, 840, 40°24′55″N 104°46′11″W, 
286, Daly City, California, 107008, 101123, +5.82%, 7.6, 19.7, 14009, 5409, 37°42′03″N 122°27′54″W, 
287, Meridian, Idaho, 106804, 75092, +42.23%, 29.8, 77.2, 3584, 1384, 43°36′51″N 116°23′56″W, 
288, Lewisville, Texas, 106586, 95290, +11.85%, 36.7, 95.1, 2852, 1101, 33°02′48″N 96°58′54″W, 
289, Davie[ac], Florida, 106558, 91992, +15.83%, 34.9, 90.4, 2919, 1127, 26°04′45″N 80°17′06″W, 
290, West Covina, California, 106311, 106098, +0.20%, 16.0, 41.4, 6740, 2600, 34°03′21″N 117°54′36″W, 
291, League City, Texas, 106244, 83560, +27.15%, 51.2, 132.6, 1992, 769, 29°29′24″N 95°06′33″W, 
292, Tyler, Texas, 105729, 96900, +9.11%, 56.6, 146.6, 1852, 715, 32°19′02″N 95°18′21″W, 
293, Norwalk, California, 105120, 105549, −0.41%, 9.7, 25.1, 10946, 4226, 33°54′27″N 118°05′01″W, 
294, San Mateo, California, 105025, 97207, +8.04%, 12.1, 31.3, 8592, 3317, 37°33′37″N 122°18′38″W, 
295, Green Bay, Wisconsin, 104879, 104057, +0.79%, 45.4, 117.6, 2316, 894, 44°31′15″N 87°59′03″W, 
296, Wichita Falls, Texas, 104576, 104553, +0.02%, 72.2, 187.0, 1450, 560, 33°54′24″N 98°31′33″W, 
297, Sparks, Nevada, 104246, 90264, +15.49%, 35.9, 93.0, 2810, 1080, 39°33′16″N 119°44′08″W, 
298, Lakewood[ad], New Jersey, 104157, 92843, +12.19%, 24.7, 64.0, 4079, 1575, 40°04′38″N 74°12′01″W, 
299, Burbank, California, 103695, 103340, +0.34%, 17.4, 45.1, 6003, 2318, 34°11′24″N 118°19′35″W, 
300, Rialto, California, 103440, 99171, +4.30%, 22.3, 57.8, 4633, 1789, 34°06′42″N 117°23′18″W, 
301, Allen, Texas, 103383, 84246, +22.72%, 27.1, 70.2, 3715, 1434, 33°05′59″N 96°39′47″W, 
302, El Cajon, California, 103241, 99478, +3.78%, 14.5, 37.6, 7156, 2763, 32°48′06″N 116°57′37″W, 
303, Las Cruces, New Mexico, 102926, 97618, +5.44%, 76.9, 199.2, 1323, 511, 32°19′35″N 106°47′23″W, 
304, Renton, Washington, 102153, 90927, +12.35%, 23.4, 60.6, 4314, 1666, 47°28′34″N 122°11′31″W, 
305, Davenport, Iowa, 102085, 99685, +2.41%, 62.9, 162.9, 1631, 630, 41°33′15″N 90°36′14″W, 
306, South Bend, Indiana, 101860, 101168, +0.68%, 41.4, 107.2, 2457, 949, 41°40′37″N 86°16′08″W, 
307, Vista, California, 101224, 93834, +7.88%, 18.7, 48.4, 5436, 2099, 33°11′22″N 117°14′19″W, 
308, Tuscaloosa, Alabama, 101113, 90468, +11.77%, 71.7, 185.7, 1399, 540, 33°12′23″N 87°32′05″W, 
309, Clinton[ae], Michigan, 100800, 96796, +4.14%, 28.1, 72.8, 3573, 1380, 42°35′25″N 82°55′01″W, 
310, Edison[ad], New Jersey, 100693, 99967, +0.73%, 30.1, 78.0, 3389, 1309, 40°30′14″N 74°20′58″W, 
311, Woodbridge[ad], New Jersey, 100450, 99585, +0.87%, 23.3, 60.3, 4351, 1680, 40°33′39″N 74°17′34″W, 
312, San Angelo, Texas, 100215, 93200, +7.53%, 59.9, 155.1, 1681, 649, 31°26′28″N 100°27′02″W, 
313, Kenosha, Wisconsin, 100164, 99218, +0.95%, 28.0, 72.5, 3577, 1381, 42°34′56″N 87°50′44″W, 
314, Vacaville, California, 100154, 92428, +8.36%, 29.0, 75.1, 3449, 1332, 38°21′14″N 121°58′22″W, 
,, 