Rank, City, State, 2018 estimate, 2010 Census,Change[%], 2016 land area[sq mi], 2016 land area[km*km], 2016 population density[/sq mi], 2016 population density[km*km], coordinates[lat° ' "N long° ' "W], coordinates[lat°N long°W], coordinates[lat long], Zip Codes
1, New York City, New York, 8398748, 8175133, +2.74%, 301.5, 780.9, 28317, 10933, 40°39′49″N 73°56′19″W, 40.6635°N 73.9387°W, 40.6635 -73.9387, 100xx–104xx  11004–05  111xx–114xx  116xx
2, Los Angeles, California, 3990456, 3792621, +5.22%, 468.7, 1213.9, 8484, 3276, 34°01′10″N 118°24′39″W, 34.0194°N 118.4108°W, 34.0194 -118.4108, List  90001–90084  90086–90089  90091  90093–90097  90099  90101–90103  90174  90185  90189  90291–90293  91040–91043  91303–91308  91311  91316  91324–91328  91330  91331  91335  91340  91342–91349  91352–91353  91356–91357  91364–91367  91401–91499  91504–91505  91601–91609
3, Chicago, Illinois, 2705994, 2695598, +0.39%, 227.3, 588.7, 11900, 4600, 41°50′15″N 87°40′54″W, 41.8376°N 87.6818°W, 41.8376 -87.6818, 606xx  607xx  608xx
4, Houston, Texas, 2325502, 2100263, +10.72%, 637.5, 1651.1, 3613, 1395, 29°47′12″N 95°23′27″W, 29.7866°N 95.3909°W, 29.7866 -95.3909, 770xx  772xx (P.O. Boxes)
5, Phoenix, Arizona, 1660272, 1445632, +14.85%, 517.6, 1340.6, 3120, 1200, 33°34′20″N 112°05′24″W, 33.5722°N 112.0901°W, 33.5722 -112.0901, 85001–85099
6, Philadelphia, Pennsylvania, 1584138, 1526006, +3.81%, 134.2, 347.6, 11683, 4511, 40°00′34″N 75°08′00″W, 40.0094°N 75.1333°W, 40.0094 -75.1333, 19092-19093  19099  191xx
7, San Antonio, Texas, 1532233, 1327407, +15.43%, 461.0, 1194.0, 3238, 1250, 29°28′21″N 98°31′30″W, 29.4724°N 98.5251°W, 29.4724 -98.5251, 78201-66  78268-70  78275  78278-80  78283-89  78291-99
8, San Diego, California, 1425976, 1307402, +9.07%, 325.2, 842.3, 4325, 1670, 32°48′55″N 117°08′06″W, 32.8153°N 117.1350°W, 32.8153 -117.1350, 92101–92124  92126–92132  92134–92140  92142  92143  92145  92147  92149–92155  92158–92161  92163  92165–92179  92182  92186  92187  92190–92199
9, Dallas, Texas, 1345047, 1197816, +12.29%, 340.9, 882.9, 3866, 1493, 32°47′36″N 96°45′59″W, 32.7933°N 96.7665°W, 32.7933 -96.7665, ZIP Codes  75201-75212  75214-75238  75240-75254  75258  75260-75267  75270  75275  75277  75283-75287  75301  75303  75310  75312-75313  75315  75320  75323  75326  75334  75336  75339-75340  75342-75344  75354-75360  75367-75368  75370-75374  75376  75378-75382  75387  75389-75394
10, San Jose, California, 1030119, 945942, +8.90%, 177.5, 459.7, 5777, 2231, 37°17′48″N 121°49′08″W, 37.2967°N 121.8189°W, 37.2967 -121.8189, List  95002  95008  95101  95103  95106  95108–95113  95115–95141  95148  95150–95161  95164  95170  95172  95173  95190–9519   95196
11, Austin, Texas, 964254, 790390, +22.00%, 312.7, 809.9, 3031, 1170, 30°18′14″N 97°45′16″W, 30.3039°N 97.7544°W, 30.3039 -97.7544, 78701–78705  78708–78739  78741–78742  78744–78769
12, Jacksonville, Florida, 903889, 821784, +9.99%, 747.4, 1935.8, 1178, 455, 30°20′13″N 81°39′42″W, 30.3369°N 81.6616°W, 30.3369 -81.6616, 32099  32201–32212  32214–32241  32244–32247  32250  32254–32260  32266  32267  32277  32290
13, Fort Worth, Texas, 895008, 741206, +20.75%, 342.9, 888.1, 2491, 962, 32°46′53″N 97°20′48″W, 32.7815°N 97.3467°W, 32.7815 -97.3467, 76120  76008  76028  76036  76101-76124  76126-76127  76130-76137  76140  76147-76148  76150  76155  76161-76164  76166  76177  76179  76180-76182  76185  76191-76193  76195-76199  76244  76247  76262  76129 (exclusive to TCU)  76107
14, Columbus, Ohio, 892533, 787033, +13.40%, 218.5, 565.9, 3936, 1520, 39°59′07″N 82°59′05″W, 39.9852°N 82.9848°W, 39.9852 -82.9848, Zip codes  43035  43085  43201-43207  43209-43224  43226-43232  43234-43236  43240  43251  43260  43266  43268  43270-43272  43279  43287  43291
15, San Francisco, California, 883305, 805235, +9.70%, 46.9, 121.5, 18569, 7170, 37°43′38″N 123°01′56″W, 37.7272°N 123.0322°W, 37.7272 -123.0322, List  94102–94105  94107–94112  94114–94134  94137  94139–94147  94151  94158–94161  94163–94164  94172  94177  94188
16, Charlotte, North Carolina, 872498, 731424, +19.29%, 305.4, 791.0, 2757, 1064, 35°12′28″N 80°49′52″W, 35.2078°N 80.8310°W, 35.2078 -80.8310, 28201-28237  28240-28247  28250  28253-28256  28258   28260-28262  28265-28266  28269-28275  28277-28278  28280-28290  28296-28297  28299
17, Indianapolis, Indiana, 867125, 820445, +5.69%, 361.5, 936.3, 2366, 914, 39°46′36″N 86°08′45″W, 39.7767°N 86.1459°W, 39.7767 -86.1459, 61 total ZIP codes:  46201–46209  46211  46214  46216–46231  46234–46237  46239–46242  46244  46247  46249–46251  46253–46256  46259–46260  46266  46268  46274–46275  46277–46278  46280  46282–46283  46285  46290–46291  46295–46296  46298
18, Seattle, Washington, 744955, 608660, +22.39%, 83.8, 217.0, 8405, 3245, 47°37′14″N 122°21′03″W, 47.6205°N 122.3509°W, 47.6205 -122.3509, .mw-parser-output .nobold{font-weight:normal}ZIP codes  98101–98119  98121–98122  98124–98127  98129  98131  98133–98134  98136  98138–98139  98141  98144–98146  98148  98154–98155  98158  98160–98161  98164–98166  98168  98170  98174–98175  98177–98178  98181  98185  98188  98190–98191  98194–98195  98198–98199
19, Denver, Colorado, 716492, 600158, +19.38%, 153.3, 397.0, 4521, 1746, 39°45′43″N 104°52′52″W, 39.7619°N 104.8811°W, 39.7619 -104.8811, 80201–80212  80214–80239  80241  80243–80244  80246–80252  80256–80266  80271  80273–80274  80279–80281  80290–80291  80293–80295  80299  80012  80014  80022  80033  80123  80127
20, Washington D.C., District of Columbia, 702455, 601723, +16.74%, 61.1, 158.2, 11148, 4304, 38°54′15″N 77°01′02″W, 38.9041°N 77.0172°W, 38.9041 -77.0172, 20001–20098  20201–20599
21, Boston, Massachusetts, 694583, 617594, +12.47%, 48.3, 125.1, 13938, 5381, 42°19′55″N 71°01′13″W, 42.3320°N 71.0202°W, 42.3320 -71.0202, 53 ZIP codes  02108–02137  02163  02196  02199  02201  02203  02204  02205  02206  02210  02211  02212  02215  02217  02222  02126  02228  02241  02266  02283  02284  02293  02295  02297  02298  02467 (also includes parts of Newton and Brookline)
22, El Paso, Texas, 682669, 649121, +5.17%, 256.8, 665.1, 2660, 1030, 31°50′54″N 106°25′37″W, 31.8484°N 106.4270°W, 31.8484 -106.4270, 79900-79999 88500-88599 (PO Boxes)
23, Detroit, Michigan, 672662, 713777, −5.76%, 138.8, 359.5, 4847, 1871, 42°22′59″N 83°06′08″W, 42.3830°N 83.1022°W, 42.3830 -83.1022, 48127  48201  48202  48204–48206  48208–48210  48212–48217  48219  48221–48228  48231–48235  48236  48238–48240  48243  48244  48255  48260  48264  48266–48269  48272  48275  48277–48279  48288
24, Nashville, Tennessee, 669053, 601222, +11.28%, 475.9, 1232.6, 1388, 536, 36°10′18″N 86°47′06″W, 36.1718°N 86.7850°W, 36.1718 -86.7850, 37201-37250
25, Portland, Oregon, 653115, 583776, +11.88%, 133.5, 345.8, 4793, 1851, 45°32′13″N 122°39′00″W, 45.5370°N 122.6500°W, 45.5370 -122.6500, 97086-97299
26, Memphis, Tennessee, 650618, 646889, +0.58%, 317.4, 822.1, 2056, 794, 35°06′10″N 89°58′39″W, 35.1028°N 89.9774°W, 35.1028 -89.9774, Zip codes  37501  37544  38002  38016  38018  38028  38088  38101  38103–38109  38111–38120  38122  38124–38128  38130–38139  38141  38145  38147–38148  38150–38152  38157  38159  38161  38163  38166–38168  38173–38175  38177  38181–38182  38184  38186–38188  38190  38193–38194  38197
27, Oklahoma City, Oklahoma, 649021, 579999, +11.90%, 606.3, 1570.3, 1053, 407, 35°28′02″N 97°30′49″W, 35.4671°N 97.5137°W, 35.4671 -97.5137, Zip codes  73101-73132  73134-73137  73139-73160  73162-73165  73167  73169-73170  73172-73173  73178-73179  73184-73185  73189-73190  73194-73196  73198  74013
28, Las Vegas, Nevada, 644644, 583756, +10.43%, 134.4, 348.1, 4709, 1818, 36°13′45″N 115°15′36″W, 36.2292°N 115.2601°W, 36.2292 -115.2601, Las Vegas error: parse didn't find zip codes
29, Louisville, Kentucky, 620118, 597337, +3.81%, 263.5, 682.5, 2339, 903, 38°09′55″N 85°38′51″W, 38.1654°N 85.6474°W, 38.1654 -85.6474, major: 402xxminor: 400xx  401xx
30, Baltimore, Maryland, 602495, 620961, −2.97%, 80.9, 209.5, 7598, 2934, 39°18′00″N 76°36′38″W, 39.3000°N 76.6105°W, 39.3000 -76.6105, Zip codes  21201–21231  21233–21237  21239–21241  21244  21250–21252  21263–21265  21268  21270  21273–21275  21278–21290  21297–21298
31, Milwaukee, Wisconsin, 592025, 594833, −0.47%, 96.2, 249.2, 6186, 2388, 43°03′48″N 87°58′00″W, 43.0633°N 87.9667°W, 43.0633 -87.9667, 53172  53201–53216  53218–53228  53233–53234  53237  53259  53263  53267–53268  53274  53278  53288  53290  53293  53295
32, Albuquerque, New Mexico, 560218, 545852, +2.63%, 188.2, 487.4, 2972, 1147, 35°06′20″N 106°38′51″W, 35.1056°N 106.6474°W, 35.1056 -106.6474, 87101–87125  87131 87151  87153  87154 87158  87174  87176 87181  87184  87185 87187  87190–87199
33, Tucson, Arizona, 545975, 520116, +4.97%, 230.8, 597.8, 2299, 888, 32°09′11″N 110°52′14″W, 32.1531°N 110.8706°W, 32.1531 -110.8706, 85701-85775
34, Fresno, California, 530093, 494665, +7.16%, 114.4, 296.3, 4563, 1762, 36°47′01″N 119°47′36″W, 36.7836°N 119.7934°W, 36.7836 -119.7934, 93650  93701–93712  93714–93718  93720–93730  93737  93740  93741  93744  93745  93747  93750  93755  93760  93761  93764  93765  93771–79  93786  93790–94  93844  93888
35, Mesa, Arizona, 508958, 439041, +15.92%, 137.9, 357.2, 3514, 1357, 33°24′07″N 111°43′03″W, 33.4019°N 111.7174°W, 33.4019 -111.7174, 85200-85299
36, Sacramento, California, 508529, 466488, +9.01%, 97.9, 253.6, 5059, 1953, 38°34′00″N 121°28′07″W, 38.5666°N 121.4686°W, 38.5666 -121.4686, 942xx  958xx
37, Atlanta, Georgia, 498044, 420003, +18.58%, 133.5, 345.8, 3539, 1366, 33°45′46″N 84°25′22″W, 33.7629°N 84.4227°W, 33.7629 -84.4227, 30060  30301–30322  30324–30334  30336–30350  30340  30353  30363
38, Kansas City, Missouri, 491918, 459787, +6.99%, 315.0, 815.8, 1528, 590, 39°07′30″N 94°33′04″W, 39.1251°N 94.5510°W, 39.1251 -94.5510, 64101-64102  64105-64106  64108-64114  64116-64121  64123-64134  64136-64139  64141  64144-64149  64151-64158  64161  64163-64168  64170-64172  64179-64180  64183-64184  64187-64188  64190-64193  64195-64199  64999
39, Colorado Springs, Colorado, 472688, 416427, +13.51%, 195.6, 506.6, 2378, 918, 38°52′02″N 104°45′39″W, 38.8673°N 104.7607°W, 38.8673 -104.7607, 80901–80951  80960  80962  80970  80977  80995  80997
40, Miami, Florida, 470914, 399457, +17.89%, 36.0, 93.2, 12599, 4865, 25°46′31″N 80°12′31″W, 25.7752°N 80.2086°W, 25.7752 -80.2086, 33010–33299
41, Raleigh, North Carolina, 469298, 403892, +16.19%, 145.1, 375.8, 3163, 1221, 35°49′50″N 78°38′30″W, 35.8306°N 78.6418°W, 35.8306 -78.6418, 27601  27603  27604  27605  27606  27607  27608  27609  27610  27612  27613  27614  27615  27616  27617
42, Omaha, Nebraska, 468262, 408958, +14.50%, 133.2, 345.0, 3356, 1296, 41°15′52″N 96°02′42″W, 41.2644°N 96.0451°W, 41.2644 -96.0451, 68022  68101–68164
43, Long Beach, California, 467354, 462257, +1.10%, 50.3, 130.3, 9347, 3609, 33°48′33″N 118°09′19″W, 33.8092°N 118.1553°W, 33.8092 -118.1553, 90801–90810  90813–90815  90822  90831–90835  90840  90842  90844  90846–90848  90853  90895  90899
44, Virginia Beach, Virginia, 450189, 437994, +2.78%, 244.7, 633.8, 1850, 710, 36°46′48″N 76°01′31″W, 36.7800°N 76.0252°W, 36.7800 -76.0252, Virginia Beach error: parse didn't find zip codes
45, Oakland, California, 429082, 390724, +9.82%, 55.9, 144.8, 7514, 2901, 37°46′11″N 122°13′33″W, 37.7698°N 122.2257°W, 37.7698 -122.2257, 94601–94615  94617–94624  94649  94659–94662  94666
46, Minneapolis, Minnesota, 425403, 382578, +11.19%, 54.0, 139.9, 7660, 2960, 44°57′48″N 93°16′06″W, 44.9633°N 93.2683°W, 44.9633 -93.2683, 55401–55488 (range includes some ZIP Codes for Minneapolis suburbs)
47, Tulsa, Oklahoma, 400669, 391906, +2.24%, 196.8, 509.7, 2048, 791, 36°07′40″N 95°54′08″W, 36.1279°N 95.9023°W, 36.1279 -95.9023, ZIP codes  74101–74108  74110  74112  74114–74117  74119–74121  74126  74127–74137  74141  74145–74150  74152–74153  74155–74159  74169–74172  74182  74186–74187  74192–74193
48, Arlington, Texas, 398112, 365438, +8.94%, 95.8, 248.1, 4100, 1600, 32°42′03″N 97°07′29″W, 32.7007°N 97.1247°W, 32.7007 -97.1247, 76000-76099 (76029 is exclusive to UT-Arlington)
49, Tampa, Florida, 392890, 335709, +17.03%, 113.4, 293.7, 3326, 1284, 27°58′12″N 82°28′47″W, 27.9701°N 82.4797°W, 27.9701 -82.4797, 33601–33626  33629–33631  33633–33635  33637  33646  33647  33650  33655  33660–33664  33672–33675  33677  33679–33682  33684–33689  33694
50, New Orleans, Louisiana, 391006, 343829, +13.72%, 169.4, 438.7, 2311, 892, 30°03′12″N 89°56′04″W, 30.0534°N 89.9345°W, 30.0534 -89.9345, New Orleans error: parse didn't find zip codes
51, Wichita, Kansas, 389255, 382368, +1.80%, 160.4, 415.4, 2431, 939, 37°41′27″N 97°20′45″W, 37.6907°N 97.3459°W, 37.6907 -97.3459, 67201-67221  67223  67226-67228  67230  67232  67235  67260  67275-67278
52, Cleveland, Ohio, 383793, 396815, −3.28%, 77.7, 201.2, 4965, 1917, 41°28′43″N 81°40′46″W, 41.4785°N 81.6794°W, 41.4785 -81.6794, Zip codes  44101-44106  44108-44115  44118-44122  44124-44130  44134-44135  44143-44144  44181  44188  44190-44195  44197-44199
53, Bakersfield, California, 383579, 347483, +10.39%, 148.8, 385.4, 2529, 976, 35°19′16″N 119°01′06″W, 35.3212°N 119.0183°W, 35.3212 -119.0183, 93220  93241  93263  93301–93309  93311–93314  93380–93390  93399
54, Aurora, Colorado, 374114, 325078, +15.08%, 153.5, 397.6, 2356, 910, 39°41′17″N 104°41′23″W, 39.6880°N 104.6897°W, 39.6880 -104.6897, 80010-80019  80040-80047 (all but 80045 PO Boxes)  80137  80247
55, Anaheim, California, 352005, 336265, +4.68%, 50.0, 129.5, 7021, 2711, 33°51′20″N 117°45′36″W, 33.8555°N 117.7601°W, 33.8555 -117.7601, 92801–92809  92812  92814–92817  92825  92850  92899
56, Honolulu, Hawaii, 347397, 337256, +3.01%, 60.5, 156.7, 5815, 2245, 21°19′27″N 157°50′51″W, 21.3243°N 157.8476°W, 21.3243 -157.8476, 96801–96850
57, Santa Ana, California, 332725, 324528, +2.53%, 27.1, 70.2, 12333, 4762, 33°44′11″N 117°52′59″W, 33.7363°N 117.8830°W, 33.7363 -117.8830, 92701–92708  92711  92712  92728  92735  92799
58, Riverside, California, 330063, 303871, +8.62%, 81.2, 210.3, 3999, 1544, 33°56′17″N 117°23′36″W, 33.9381°N 117.3932°W, 33.9381 -117.3932, 92501–92509  92513–92519  92521–92522
59, Corpus Christi, Texas, 326554, 305215, +6.99%, 174.6, 452.2, 1866, 720, 27°45′15″N 97°10′24″W, 27.7543°N 97.1734°W, 27.7543 -97.1734, 78401–78402  78404–78418
60, Lexington, Kentucky, 323780, 295803, +9.46%, 283.6, 734.5, 1123, 434, 38°02′27″N 84°27′30″W, 38.0407°N 84.4583°W, 38.0407 -84.4583, 40502–40517  40522–40524  40526  40533  40536  40544  40546  40550  40555  40574–40583  40588  40591  40598
61, Stockton, California, 311178, 291707, +6.67%, 61.7, 159.8, 4977, 1922, 37°58′35″N 121°18′48″W, 37.9763°N 121.3133°W, 37.9763 -121.3133, 95201–95213  95215  95219  95267  95269  95296–95297
62, Henderson, Nevada, 310390, 257729, +20.43%, 104.7, 271.2, 2798, 1080, 36°00′35″N 115°02′09″W, 36.0097°N 115.0357°W, 36.0097 -115.0357, 89002  89009  89011  89012  89014-89016  89044  89052  89053  89074  89077
63, Saint Paul, Minnesota, 307695, 285068, +7.94%, 52.0, 134.7, 5815, 2245, 44°56′56″N 93°06′15″W, 44.9489°N 93.1041°W, 44.9489 -93.1041, 55101–55175
64, St. Louis, Missouri, 302838, 319294, −5.15%, 62.0, 160.6, 5023, 1939, 38°38′09″N 90°14′41″W, 38.6357°N 90.2446°W, 38.6357 -90.2446, (Almost all of63101-63199)  63101-63141  63143-63147  63150-63151  63155-63158  63160  63163-63164  63166-63167  63169  63171  63177-63180  63182  63188  63190  63195  63197-63199
65, Cincinnati, Ohio, 302605, 296943, +1.91%, 77.4, 200.5, 3860, 1490, 39°08′25″N 84°30′21″W, 39.1402°N 84.5058°W, 39.1402 -84.5058, ZIP Codes  45201–45209  45211–45255  45258  45262–45264  45267–45271  45273–45275  45277  45280  45296  45298–45299  45999
66, Pittsburgh, Pennsylvania, 301048, 305704, −1.52%, 55.4, 143.5, 5481, 2116, 40°26′23″N 79°58′36″W, 40.4398°N 79.9766°W, 40.4398 -79.9766, 34 total ZIP codes:  15106  15120–15121  15201  15203–15208  15210–15222  15224  15226–15227  15230  15232–15235  15237  15239  15289  15229
67, Greensboro, North Carolina, 294722, 269666, +9.29%, 128.3, 332.3, 2237, 864, 36°05′42″N 79°49′37″W, 36.0951°N 79.8270°W, 36.0951 -79.8270, 27214  27282  27301  27358  27401  27402  27403  27404  27405  27406  27407  27408  27409  27410  27411  27412  27413  27415  27420  27412  27429  27435  27438  27455  27495  27497  27498  27499
68, Anchorage, Alaska, 291538, 291826, −0.10%, 1706.6, 4420.1, 175, 68, 61°10′27″N 149°17′03″W, 61.1743°N 149.2843°W, 61.1743 -149.2843, 99501–99524  99529-99530  99599
69, Plano, Texas, 288061, 259841, +10.86%, 71.7, 185.7, 3990, 1540, 33°03′03″N 96°44′52″W, 33.0508°N 96.7479°W, 33.0508 -96.7479, 75023-26  75074-75  75086  75093-94
70, Lincoln, Nebraska, 287401, 258379, +11.23%, 92.1, 238.5, 3044, 1175, 40°48′38″N 96°40′49″W, 40.8105°N 96.6803°W, 40.8105 -96.6803, 68501-68510  68512  68514  68516-68517  68520-68524  68526-68529  68531-68532  68542  68544  68583  68588
71, Orlando, Florida, 285713, 238300, +19.90%, 105.2, 272.5, 2635, 1017, 28°25′00″N 81°16′25″W, 28.4166°N 81.2736°W, 28.4166 -81.2736, 32825
72, Irvine, California, 282572, 212375, +33.05%, 65.6, 169.9, 4057, 1566, 33°40′42″N 117°46′17″W, 33.6784°N 117.7713°W, 33.6784 -117.7713, 92602–92604  92606  92612  92614  92616–92620  92623  92650  92697
73, Newark, New Jersey, 282090, 277140, +1.79%, 24.1, 62.4, 11691, 4514, 40°43′27″N 74°10′21″W, 40.7242°N 74.1726°W, 40.7242 -74.1726, 07101-07108  07112  07114
74, Toledo, Ohio, 274975, 287208, −4.26%, 80.7, 209.0, 3451, 1332, 41°39′51″N 83°34′55″W, 41.6641°N 83.5819°W, 41.6641 -83.5819, Zip codes  43601  43603-43615  43617  43620  43623  43635  43652  43654  43656-43657  43659-43661  43666-43667  43681-43682  43697  43699
75, Durham, North Carolina, 274291, 228330, +20.13%, 109.8, 284.4, 2395, 925, 35°58′52″N 78°54′10″W, 35.9811°N 78.9029°W, 35.9811 -78.9029, 27701  27702  27703  27704  27705  27706  27707  27708  27709  27710  27711  27712  27713  27715  27717  27722
76, Chula Vista, California, 271651, 243916, +11.37%, 49.6, 128.5, 5387, 2080, 32°37′40″N 117°00′55″W, 32.6277°N 117.0152°W, 32.6277 -117.0152, 91909–91915  91921
77, Fort Wayne, Indiana, 267633, 253691, +5.50%, 110.6, 286.5, 2391, 923, 41°05′18″N 85°08′38″W, 41.0882°N 85.1439°W, 41.0882 -85.1439, ZIP codes  46774  46802–46809  46814–46816  46818  46819  46825  46835  46845
78, Jersey City, New Jersey, 265549, 247597, +7.25%, 14.8, 38.3, 17848, 6891, 40°42′41″N 74°03′53″W, 40.7114°N 74.0648°W, 40.7114 -74.0648, 07097  07302-07308  07310-07311
79, St. Petersburg, Florida, 265098, 244769, +8.31%, 61.8, 160.1, 4223, 1631, 27°45′43″N 82°38′39″W, 27.7620°N 82.6441°W, 27.7620 -82.6441, 33701  33702  33703  33704  33705  33710  33712-33713  33715
80, Laredo, Texas, 261639, 236091, +10.82%, 101.1, 261.8, 2544, 982, 27°33′37″N 99°29′21″W, 27.5604°N 99.4892°W, 27.5604 -99.4892, 78040–78046  78049
81, Madison, Wisconsin, 258054, 233209, +10.65%, 77.0, 199.4, 3280, 1270, 43°05′16″N 89°25′48″W, 43.0878°N 89.4299°W, 43.0878 -89.4299, Madison error: parse didn't find zip codes
82, Chandler, Arizona, 257165, 236123, +8.91%, 64.9, 168.1, 3813, 1472, 33°16′58″N 111°51′18″W, 33.2829°N 111.8549°W, 33.2829 -111.8549, 85225  85224  85286  85248  85249 85247 85246
83, Buffalo, New York, 256304, 261310, −1.92%, 40.4, 104.6, 6359, 2455, 42°53′33″N 78°51′35″W, 42.8925°N 78.8597°W, 42.8925 -78.8597, 142XX
84, Lubbock, Texas, 255885, 229573, +11.46%, 124.6, 322.7, 2027, 783, 33°33′56″N 101°53′12″W, 33.5656°N 101.8867°W, 33.5656 -101.8867, 79401-79416  79423  79424  79430  79452  79453  79457  79464  79490  79491  79493  79499
85, Scottsdale, Arizona, 255310, 217385, +17.45%, 183.9, 476.3, 1341, 518, 33°41′03″N 111°51′40″W, 33.6843°N 111.8611°W, 33.6843 -111.8611, 85250–85271
86, Reno, Nevada, 250998, 225221, +11.45%, 107.3, 277.9, 2286, 883, 39°32′57″N 119°51′00″W, 39.5491°N 119.8499°W, 39.5491 -119.8499, 89500-89599
87, Glendale, Arizona, 250702, 226721, +10.58%, 59.1, 153.1, 4161, 1607, 33°31′59″N 112°11′24″W, 33.5331°N 112.1899°W, 33.5331 -112.1899, 85301-85318
88, Gilbert, Arizona, 248279, 208453, +19.11%, 68.0, 176.1, 3487, 1346, 33°18′37″N 111°44′35″W, 33.3103°N 111.7431°W, 33.3103 -111.7431, 85233  85234  85295-85298
89, Winston–Salem, North Carolina, 246328, 229617, +7.28%, 132.5, 343.2, 1828, 706, 36°06′10″N 80°15′40″W, 36.1027°N 80.2610°W, 36.1027 -80.2610, Winston–Salem error: parse didn't find zip codes
90, North Las Vegas, Nevada, 245949, 216961, +13.36%, 98.0, 253.8, 2436, 941, 36°17′09″N 115°05′38″W, 36.2857°N 115.0939°W, 36.2857 -115.0939, 89030–89033  89036  89081  89084–89087
91, Norfolk, Virginia, 244076, 242803, +0.52%, 53.3, 138.0, 4599, 1776, 36°55′23″N 76°14′41″W, 36.9230°N 76.2446°W, 36.9230 -76.2446, 23501-23515  23517-23521  23523  23529  23541  23551
92, Chesapeake, Virginia, 242634, 222209, +9.19%, 338.5, 876.7, 703, 271, 36°40′46″N 76°18′06″W, 36.6794°N 76.3018°W, 36.6794 -76.3018, 23320-23328
93, Garland, Texas, 242507, 226876, +6.89%, 57.0, 147.6, 4122, 1592, 32°54′35″N 96°37′49″W, 32.9098°N 96.6303°W, 32.9098 -96.6303, 75040-75049
94, Irving, Texas, 242242, 216290, +12.00%, 67.0, 173.5, 3557, 1373, 32°51′28″N 96°58′12″W, 32.8577°N 96.9700°W, 32.8577 -96.9700, 75000–75099
95, Hialeah, Florida, 238942, 224669, +6.35%, 21.5, 55.7, 10995, 4245, 25°52′12″N 80°18′10″W, 25.8699°N 80.3029°W, 25.8699 -80.3029, 33002  33010-33018
96, Fremont, California, 237807, 214089, +11.08%, 77.5, 200.7, 3008, 1161, 37°29′40″N 121°56′28″W, 37.4945°N 121.9412°W, 37.4945 -121.9412, 94536–94539  94555
97, Boise, Idaho, 228790, 205671, +11.24%, 82.1, 212.6, 2718, 1049, 43°36′01″N 116°13′54″W, 43.6002°N 116.2317°W, 43.6002 -116.2317, 83701–83799
98, Richmond, Virginia, 228783, 204214, +12.03%, 59.8, 154.9, 3732, 1441, 37°31′53″N 77°28′34″W, 37.5314°N 77.4760°W, 37.5314 -77.4760, 23173  23218–23242  23249–23250  23255  23260–23261  23269  23273–23274  23276  23278–23279  23282  23284–23286  23288–23295  23297–23298
99, Baton Rouge, Louisiana, 221599, 229493, −3.44%, 85.9, 222.5, 2651, 1024, 30°26′32″N 91°07′51″W, 30.4422°N 91.1309°W, 30.4422 -91.1309, 70801-70817  70819-70823  70825-70827  70831  70833  70835-70837  70874  70879  70883  70884  70892-70896  70898
100, Spokane, Washington, 219190, 208916, +4.92%, 68.7, 177.9, 3144, 1214, 47°40′01″N 117°26′00″W, 47.6669°N 117.4333°W, 47.6669 -117.4333, Zip codes  99201  99202  99203  99204  99205  99206  99207  99208  99209 (PO BOX)  99210 (PO BOX)  99211 (PO BOX)  99212  99213 (PO BOX)  99214 (PO BOX)  99215 (PO BOX)  99216  99217  99218  99219 (PO BOX)  99220 (PO BOX)  99223  99224  99228 (PO BOX)  99251  99252  99256  99258  99260  99299
101, Des Moines, Iowa, 216853, 203433, +6.60%, 88.9, 230.2, 2424, 936, 41°34′21″N 93°36′37″W, 41.5726°N 93.6102°W, 41.5726 -93.6102, 50301-50340-50310
102, Tacoma, Washington, 216279, 198397, +9.01%, 49.7, 128.7, 4251, 1641, 47°15′08″N 122°27′35″W, 47.2522°N 122.4598°W, 47.2522 -122.4598, Zip codes  98001  98002  98071  98092  98401–98409  98411–98413  98415  98416  98418  98421  98422  98424  98430  98431  98433  98438  98439  98442–98447  98450  98455  98460  98464  98465  98466  98467  98471  98477  98481  98492  98493  98497–98499
103, San Bernardino, California, 215941, 209924, +2.87%, 61.5, 159.3, 3516, 1358, 34°08′30″N 117°17′37″W, 34.1416°N 117.2936°W, 34.1416 -117.2936, 92401–92408  92410–92415  92418  92420  92423  92424  92427
104, Modesto, California, 215030, 201165, +6.89%, 43.0, 111.4, 4934, 1905, 37°38′15″N 121°00′11″W, 37.6375°N 121.0030°W, 37.6375 -121.0030, 95350–95358  95397
105, Fontana, California, 213739, 196069, +9.01%, 43.0, 111.4, 4876, 1883, 34°06′32″N 117°27′46″W, 34.1090°N 117.4629°W, 34.1090 -117.4629, 92331  92334–92337
106, Santa Clarita, California, 210089, 176320, +19.15%, 52.8, 136.8, 3446, 1331, 34°24′11″N 118°30′15″W, 34.4030°N 118.5042°W, 34.4030 -118.5042, 91310  91321–91322  91350–91351  91354–91355  91380–91387  91390
107, Birmingham, Alabama, 209880, 212237, −1.11%, 146.1, 378.4, 1452, 561, 33°31′39″N 86°47′56″W, 33.5274°N 86.7990°W, 33.5274 -86.7990, 35201–35298
108, Oxnard, California, 209877, 197899, +6.05%, 26.9, 69.7, 7729, 2984, 34°12′08″N 119°12′17″W, 34.2023°N 119.2046°W, 34.2023 -119.2046, 93030–93036
109, Fayetteville, North Carolina, 209468, 200564, +4.44%, 147.7, 382.5, 1386, 535, 35°04′58″N 78°58′25″W, 35.0828°N 78.9735°W, 35.0828 -78.9735, 28301  28302  28303  28304  28305  28306  28307 (Fort Bragg)  28308 (Pope AAF)  28309  28310 (Fort Bragg)  28311  28312  28314 28387 28374
110, Moreno Valley, California, 209050, 193365, +8.11%, 51.3, 132.9, 4006, 1547, 33°55′24″N 117°12′21″W, 33.9233°N 117.2057°W, 33.9233 -117.2057, 92551–92557
111, Rochester, New York, 206284, 210565, −2.03%, 35.8, 92.7, 5835, 2253, 43°10′12″N 77°37′01″W, 43.1699°N 77.6169°W, 43.1699 -77.6169, 146xx (14604=downtown)
112, Glendale, California, 201361, 191719, +5.03%, 30.4, 78.7, 6606, 2551, 34°10′53″N 118°14′45″W, 34.1814°N 118.2458°W, 34.1814 -118.2458, 91201–91210  91214  91221  91222  91224–91226
113, Huntington Beach, California, 200641, 189992, +5.60%, 26.9, 69.7, 7459, 2880, 33°41′26″N 118°00′33″W, 33.6906°N 118.0093°W, 33.6906 -118.0093, 92605  92615  92646–92649
114, Salt Lake City, Utah, 200591, 186440, +7.59%, 111.2, 288.0, 1742, 673, 40°46′37″N 111°55′52″W, 40.7769°N 111.9310°W, 40.7769 -111.9310, ZIP Codes  84101-84128  84130-84134  84136  84138-84139  84141  84143-84145  84147-84148  84150-84152  84157-84158  84165  84170-84171  84180  84184  84189-84190  84199
115, Grand Rapids, Michigan, 200217, 188040, +6.48%, 44.4, 115.0, 4424, 1708, 42°57′40″N 85°39′20″W, 42.9612°N 85.6556°W, 42.9612 -85.6556, 49501  49502  49503  49504  49505  49506  49507  49508  49510  49514  49515  49516  49518  49523  49525  49534  49546  49548  49555  49560  49588  49594
116, Amarillo, Texas, 199924, 190695, +4.84%, 101.4, 262.6, 1968, 760, 35°12′00″N 101°49′49″W, 35.1999°N 101.8302°W, 35.1999 -101.8302, 79101-79111  79114  79116-79121  79123-79124  79159  79163  79166-79168  79171-79172  79174  79178  79182  79185  79187  79189
117, Yonkers, New York, 199663, 195976, +1.88%, 18.0, 46.6, 11156, 4307, 40°56′45″N 73°52′03″W, 40.9459°N 73.8674°W, 40.9459 -73.8674, 10701  10702 (post office)  10703  10704  10705  10707 (shared with Tuckahoe  NY)  10708 (shared with Bronxville  NY)  10710
118, Aurora, Illinois, 199602, 197899, +0.86%, 44.9, 116.3, 4479, 1729, 41°45′49″N 88°17′24″W, 41.7635°N 88.2901°W, 41.7635 -88.2901, 60502–60507  60568  60569  60572  60598
119, Montgomery, Alabama, 198218, 205764, −3.67%, 159.8, 413.9, 1252, 483, 32°20′50″N 86°15′58″W, 32.3472°N 86.2661°W, 32.3472 -86.2661, 36013  36043  36064  36104  36105  36106  36107  36108  36109  36110  36111  36112  36113  36115  36116  36117
120, Akron, Ohio, 198006, 199110, −0.55%, 62.0, 160.6, 3188, 1231, 41°04′50″N 81°31′17″W, 41.0805°N 81.5214°W, 41.0805 -81.5214, 44301-44321  44325  44326  44328  44333  44334  44372  44396  44398
121, Little Rock, Arkansas, 197881, 193524, +2.25%, 118.7, 307.4, 1673, 646, 34°43′31″N 92°21′31″W, 34.7254°N 92.3586°W, 34.7254 -92.3586, 72002  72103  72201  72202  72204  72205  72206  72207  72209  72210  72211  72212  72223  72227
122, Huntsville, Alabama, 197318, 180105, +9.56%, 213.4, 552.7, 905, 349, 34°41′56″N 86°40′23″W, 34.6990°N 86.6730°W, 34.6990 -86.6730, 35649  35749  35748  35754  35756  35757  35671  35741  35762  35763  35773  35801–35816  35824  35893-35899
123, Augusta, Georgia, 196939, 195844, +0.56%, 302.5, 783.5, 652, 252, 33°21′56″N 82°04′24″W, 33.3655°N 82.0734°W, 33.3655 -82.0734, 30901  30904  30906  30907  30909  30912  30815
124, Port St. Lucie, Florida, 195248, 164603, +18.62%, 118.9, 307.9, 1557, 601, 27°16′50″N 80°23′18″W, 27.2806°N 80.3883°W, 27.2806 -80.3883, Port St. Lucie error: parse didn't find zip codes
125, Grand Prairie, Texas, 194614, 175396, +10.96%, 72.3, 187.3, 2637, 1018, 32°41′13″N 97°01′16″W, 32.6869°N 97.0211°W, 32.6869 -97.0211, 75050-75054
126, Columbus, Georgia, 194160, 189885, +2.25%, 216.4, 560.5, 913, 353, 32°30′37″N 84°52′30″W, 32.5102°N 84.8749°W, 32.5102 -84.8749, 31820  31829  31900-09  31914  31917  31993-94  31997-99
127, Tallahassee, Florida, 193551, 181376, +6.71%, 100.4, 260.0, 1901, 734, 30°27′18″N 84°15′12″W, 30.4551°N 84.2534°W, 30.4551 -84.2534, 32300–32399
128, Overland Park, Kansas, 192536, 173372, +11.05%, 75.1, 194.5, 2516, 971, 38°53′20″N 94°41′26″W, 38.8890°N 94.6906°W, 38.8890 -94.6906, Overland Park error: parse didn't find zip codes
129, Tempe, Arizona, 192364, 161719, +18.95%, 40.0, 103.6, 4562, 1761, 33°23′18″N 111°55′54″W, 33.3884°N 111.9318°W, 33.3884 -111.9318, 85281  85282  85283  85284  85285  85287
130, McKinney, Texas, 191645, 131117, +46.16%, 63.0, 163.2, 2735, 1056, 33°11′55″N 96°40′05″W, 33.1985°N 96.6680°W, 33.1985 -96.6680, 75069-75072
131, Mobile, Alabama, 189572, 195111, −2.84%, 139.4, 361.0, 1384, 534, 30°40′06″N 88°06′01″W, 30.6684°N 88.1002°W, 30.6684 -88.1002, Zip codes  36601-36612  36615-36619  36625  36628  36630  36633  36640-36641  36644  36652  36660  36663  36670-36671  36675  36685  36688-36689  36691  36693  36695
132, Cape Coral, Florida, 189343, 154305, +22.71%, 105.6, 273.5, 1703, 658, 26°38′36″N 81°59′51″W, 26.6432°N 81.9974°W, 26.6432 -81.9974, 33904  33909  33914  33990  33991  33993
133, Shreveport, Louisiana, 188987, 199311, −5.18%, 107.1, 277.4, 1820, 700, 32°28′01″N 93°47′32″W, 32.4669°N 93.7922°W, 32.4669 -93.7922, Shreveport error: parse didn't find zip codes
134, Frisco, Texas, 188170, 116989, +60.84%, 67.7, 175.3, 2417, 933, 33°09′19″N 96°49′21″W, 33.1554°N 96.8226°W, 33.1554 -96.8226, 75033-75036  75068  75071
135, Knoxville, Tennessee, 187500, 178874, +4.82%, 98.5, 255.1, 1891, 730, 35°58′15″N 83°56′57″W, 35.9707°N 83.9493°W, 35.9707 -83.9493, 37901-37902  37909  37912  37914-37924  37927-37934  37938-37940  37950  37995-37998
136, Worcester, Massachusetts, 185877, 181045, +2.67%, 37.4, 96.9, 4933, 1905, 42°16′10″N 71°48′28″W, 42.2695°N 71.8078°W, 42.2695 -71.8078, 01601–01610  01612–01615  01653–01655
137, Brownsville, Texas, 183392, 175023, +4.78%, 132.5, 343.2, 1387, 536, 25°59′57″N 97°27′18″W, 25.9991°N 97.4550°W, 25.9991 -97.4550, 78520  78521  78522  78523  78526
138, Vancouver, Washington, 183012, 161791, +13.12%, 46.9, 121.5, 3728, 1439, 45°38′06″N 122°35′45″W, 45.6349°N 122.5957°W, 45.6349 -122.5957, Vancouver error: parse didn't find zip codes
139, Fort Lauderdale, Florida, 182595, 165521, +10.32%, 34.6, 89.6, 5166, 1995, 26°08′28″N 80°08′48″W, 26.1412°N 80.1467°W, 26.1412 -80.1467, 33301  33304-33306  33308-33309  33312-33313  33315-33316  33334  33394
140, Sioux Falls, South Dakota, 181883, 153888, +18.19%, 75.4, 195.3, 2312, 893, 43°32′18″N 96°43′55″W, 43.5383°N 96.7320°W, 43.5383 -96.7320, Zip codes  57101  57103-57110  57117-57118  57186  57188-57189  57192-57193  57197-57198
141, Ontario, California, 181107, 163924, +10.48%, 49.9, 129.2, 3471, 1340, 34°02′22″N 117°36′15″W, 34.0394°N 117.6042°W, 34.0394 -117.6042, 91758  91761  91762  91764
142, Chattanooga, Tennessee, 180557, 167674, +7.68%, 143.1, 370.6, 1241, 479, 35°03′58″N 85°14′54″W, 35.0660°N 85.2484°W, 35.0660 -85.2484, 37341  37343  37350  37351  37363  37377  37379  37402  37403  37404  37405  37406  37407  37408  37409  37410  37411  37412  37415  37416  37419  and 37421
143, Providence, Rhode Island, 179335, 178042, +0.73%, 18.4, 47.7, 9740, 3760, 41°49′23″N 71°25′08″W, 41.8231°N 71.4188°W, 41.8231 -71.4188, 02901–02912  02918  02919  02940
144, Newport News, Virginia, 178626, 180719, −1.16%, 69.1, 179.0, 2631, 1016, 37°04′34″N 76°31′19″W, 37.0762°N 76.5220°W, 37.0762 -76.5220, 23601-23609
145, Rancho Cucamonga, California, 177751, 165269, +7.55%, 40.0, 103.6, 4413, 1704, 34°07′24″N 117°33′51″W, 34.1233°N 117.5642°W, 34.1233 -117.5642, 91701  91729  91730  91737  91739
146, Santa Rosa, California, 177586, 167815, +5.82%, 41.3, 107.0, 4241, 1637, 38°26′48″N 122°42′22″W, 38.4468°N 122.7061°W, 38.4468 -122.7061, 95401–95407  95409
147, Oceanside, California, 176080, 167086, +5.38%, 41.3, 107.0, 4249, 1641, 33°13′28″N 117°18′22″W, 33.2245°N 117.3062°W, 33.2245 -117.3062, 92049  92051  92052  92054  92056–92058
148, Salem, Oregon, 173442, 154637, +12.16%, 48.6, 125.9, 3445, 1330, 44°55′25″N 123°01′24″W, 44.9237°N 123.0232°W, 44.9237 -123.0232, 97301  97302  97303  97304  97305  97306  97308  97309  97310  97311  97312  97313 & 97314
149, Elk Grove, California, 172886, 153015, +12.99%, 42.2, 109.3, 4022, 1553, 38°24′53″N 121°23′06″W, 38.4146°N 121.3850°W, 38.4146 -121.3850, 95624  95757–95759
150, Garden Grove, California, 172646, 170883, +1.03%, 18.0, 46.6, 9714, 3751, 33°46′44″N 117°57′38″W, 33.7788°N 117.9605°W, 33.7788 -117.9605, 92840–92846
151, Pembroke Pines, Florida, 172374, 154019, +11.92%, 33.0, 85.5, 5109, 1973, 26°01′16″N 80°20′25″W, 26.0210°N 80.3404°W, 26.0210 -80.3404, 33023-33029  33330-33332
152, Peoria, Arizona, 172259, 154065, +11.81%, 175.7, 455.1, 934, 361, 33°47′10″N 112°18′29″W, 33.7862°N 112.3080°W, 33.7862 -112.3080, 85345  85381  85382  8538385373 (Sun City)85387 (Morristown)
153, Eugene, Oregon, 171245, 156185, +9.64%, 44.1, 114.2, 3777, 1458, 44°03′24″N 123°06′58″W, 44.0567°N 123.1162°W, 44.0567 -123.1162, 97401–97405  97408  97440
154, Corona, California, 168819, 152374, +10.79%, 39.5, 102.3, 4222, 1630, 33°51′43″N 117°33′56″W, 33.8620°N 117.5655°W, 33.8620 -117.5655, 92877–92883
155, Cary, North Carolina, 168160, 135234, +24.35%, 56.5, 146.3, 2873, 1109, 35°46′51″N 78°48′48″W, 35.7809°N 78.8133°W, 35.7809 -78.8133, 27511-27513  27518  27519
156, Springfield, Missouri, 168122, 159498, +5.41%, 82.3, 213.2, 2033, 785, 37°11′39″N 93°17′29″W, 37.1942°N 93.2913°W, 37.1942 -93.2913, 65800-65899
157, Fort Collins, Colorado, 167830, 143986, +16.56%, 55.8, 144.5, 2943, 1136, 40°32′54″N 105°03′53″W, 40.5482°N 105.0648°W, 40.5482 -105.0648, 80521–80528
158, Jackson, Mississippi, 164422, 173514, −5.24%, 111.0, 287.5, 1524, 588, 32°18′57″N 90°12′46″W, 32.3158°N 90.2128°W, 32.3158 -90.2128, 39200-39299
159, Alexandria, Virginia, 160530, 139966, +14.69%, 15.0, 38.8, 10387, 4010, 38°49′12″N 77°05′03″W, 38.8201°N 77.0841°W, 38.8201 -77.0841, 22301 to 22315  22320 to 22336
160, Hayward, California, 159620, 144186, +10.70%, 45.5, 117.8, 3493, 1349, 37°37′43″N 122°06′09″W, 37.6287°N 122.1024°W, 37.6287 -122.1024, 94540–94546  94552  94557
161, Lancaster, California, 159053, 156633, +1.55%, 94.3, 244.2, 1698, 656, 34°41′37″N 118°10′31″W, 34.6936°N 118.1753°W, 34.6936 -118.1753, 93534–93536  93539  93584
162, Lakewood, Colorado, 156798, 142980, +9.66%, 42.9, 111.1, 3599, 1390, 39°41′56″N 105°07′03″W, 39.6989°N 105.1176°W, 39.6989 -105.1176, Denver 80214-80215  80227  80226-80228  80232  80235-80236Golden 80401Littleton 80123
163, Clarksville, Tennessee, 156794, 132929, +17.95%, 98.3, 254.6, 1529, 590, 36°33′59″N 87°20′43″W, 36.5664°N 87.3452°W, 36.5664 -87.3452, 37040-37044
164, Palmdale, California, 156667, 152750, +2.56%, 106.0, 274.5, 1484, 573, 34°35′28″N 118°06′19″W, 34.5910°N 118.1054°W, 34.5910 -118.1054, 93550–93552  93590  93591  93599
165, Salinas, California, 156259, 150441, +3.87%, 23.6, 61.1, 6662, 2572, 36°41′25″N 121°38′01″W, 36.6902°N 121.6337°W, 36.6902 -121.6337, 93901–93902  93905–93907  93912  and 93915
166, Springfield, Massachusetts, 155032, 153060, +1.29%, 31.9, 82.6, 4830, 1860, 42°06′56″N 72°32′24″W, 42.1155°N 72.5400°W, 42.1155 -72.5400, 01101  01103–01105  01107–01109  01118-01119  01128–01129  01151
167, Hollywood, Florida, 154823, 140768, +9.98%, 27.3, 70.7, 5568, 2150, 26°01′52″N 80°09′53″W, 26.0310°N 80.1646°W, 26.0310 -80.1646, 33004  33009  33019-33021  33023  33024  33312  33314  33316
168, Pasadena, Texas, 153219, 149043, +2.80%, 43.5, 112.7, 3525, 1361, 29°39′31″N 95°09′02″W, 29.6586°N 95.1506°W, 29.6586 -95.1506, 77501-77507  77059  77586
169, Sunnyvale, California, 153185, 140081, +9.35%, 22.0, 57.0, 6944, 2681, 37°23′09″N 122°01′35″W, 37.3858°N 122.0263°W, 37.3858 -122.0263, 94085–94090
170, Macon, Georgia, 153095, 91351, +67.59%, 249.3, 645.7, 612, 236, 32°48′32″N 83°41′39″W, 32.8088°N 83.6942°W, 32.8088 -83.6942, 31200–31299
171, Kansas City, Kansas, 152958, 145786, +4.92%, 124.8, 323.2, 1216, 470, 39°07′21″N 94°44′30″W, 39.1225°N 94.7418°W, 39.1225 -94.7418, 66101-66113  66115  66117-66119  66160
172, Pomona, California, 152361, 149058, +2.22%, 23.0, 59.6, 6630, 2560, 34°03′31″N 117°45′40″W, 34.0585°N 117.7611°W, 34.0585 -117.7611, 91766–91768
173, Escondido, California, 152213, 143911, +5.77%, 37.1, 96.1, 4087, 1578, 33°07′59″N 117°04′26″W, 33.1331°N 117.0740°W, 33.1331 -117.0740, 92025–92027  92029
174, Killeen, Texas, 149103, 127921, +16.56%, 53.5, 138.6, 2680, 1030, 31°04′40″N 97°43′55″W, 31.0777°N 97.7320°W, 31.0777 -97.7320, 76540  76541  76542  76543  76548  76549
175, Naperville, Illinois, 148304, 141853, +4.55%, 38.7, 100.2, 3802, 1468, 41°44′57″N 88°09′43″W, 41.7492°N 88.1620°W, 41.7492 -88.1620, Naperville error: parse didn't find zip codes
176, Joliet, Illinois, 148099, 147433, +0.45%, 64.4, 166.8, 2302, 889, 41°31′04″N 88°08′56″W, 41.5177°N 88.1488°W, 41.5177 -88.1488, 60431  60432  60433  60434  60435  60436  60586
177, Bellevue, Washington, 147599, 122363, +20.62%, 33.5, 86.8, 4221, 1630, 47°35′52″N 122°09′23″W, 47.5979°N 122.1565°W, 47.5979 -122.1565, 98004-98009
178, Rockford, Illinois, 146526, 152871, −4.15%, 63.5, 164.5, 2325, 898, 42°15′32″N 89°03′53″W, 42.2588°N 89.0646°W, 42.2588 -89.0646, 61101-61110  61112  61114  61125  61126
179, Savannah, Georgia, 145862, 136286, +7.03%, 103.6, 268.3, 1417, 547, 32°00′09″N 81°09′13″W, 32.0025°N 81.1536°W, 32.0025 -81.1536, 31401-31499
180, Paterson, New Jersey, 145627, 146199, −0.39%, 8.4, 21.8, 17500, 6800, 40°54′53″N 74°09′46″W, 40.9148°N 74.1628°W, 40.9148 -74.1628, 07501-07505  07508-07514  07522  07524  07533  07538  07543  07544
181, Torrance, California, 145182, 145438, −0.18%, 20.5, 53.1, 7180, 2770, 33°50′06″N 118°20′29″W, 33.8350°N 118.3414°W, 33.8350 -118.3414, 90501–90510
182, Bridgeport, Connecticut, 144900, 144229, +0.47%, 16.1, 41.7, 9064, 3500, 41°11′15″N 73°11′45″W, 41.1874°N 73.1958°W, 41.1874 -73.1958, 06601  06602  06604  06605  06606  06607  06608  06610  06650  06673  06699
183, McAllen, Texas, 143433, 129877, +10.44%, 58.4, 151.3, 2435, 940, 26°13′56″N 98°14′47″W, 26.2322°N 98.2464°W, 26.2322 -98.2464, 78501-78504
184, Mesquite, Texas, 142816, 139824, +2.14%, 47.2, 122.2, 3045, 1176, 32°45′46″N 96°35′20″W, 32.7629°N 96.5888°W, 32.7629 -96.5888, 75149  75150  75181
185, Syracuse, New York, 142749, 145170, −1.67%, 25.0, 64.7, 5735, 2214, 43°02′28″N 76°08′37″W, 43.0410°N 76.1436°W, 43.0410 -76.1436, Syracuse error: parse didn't find zip codes
186, Midland, Texas, 142344, 111147, +28.07%, 74.4, 192.7, 1809, 698, 32°01′29″N 102°06′49″W, 32.0246°N 102.1135°W, 32.0246 -102.1135, 79701-12
187, Pasadena, California, 141371, 137122, +3.10%, 23.0, 59.6, 6176, 2385, 34°09′38″N 118°08′23″W, 34.1606°N 118.1396°W, 34.1606 -118.1396, 91101–91110  91114–91118  91121  91123–91126  91129  91182  91184  91185  91188  91189  91199
188, Murfreesboro, Tennessee, 141344, 108755, +29.97%, 55.9, 144.8, 2360, 910, 35°51′08″N 86°24′58″W, 35.8522°N 86.4160°W, 35.8522 -86.4160, 37127-37133
189, Miramar, Florida, 140823, 122041, +15.39%, 29.4, 76.1, 4709, 1818, 25°58′37″N 80°20′09″W, 25.9770°N 80.3358°W, 25.9770 -80.3358, 33023  33025  33027  33029
190, Dayton, Ohio, 140640, 141527, −0.63%, 55.7, 144.3, 2522, 974, 39°46′39″N 84°11′59″W, 39.7774°N 84.1996°W, 39.7774 -84.1996, ZIP codes  45400-45406  45408-45410  45412-45420  45422-45424  45426-45435  45437  45439-45441  45448-45449  45454  45458-45459  45469-45470  45475  45479  45481-45482  45490
191, Fullerton, California, 139640, 135161, +3.31%, 22.4, 58.0, 6282, 2425, 33°53′09″N 117°55′41″W, 33.8857°N 117.9280°W, 33.8857 -117.9280, 92831-92832
192, Olathe, Kansas, 139605, 125872, +10.91%, 60.9, 157.7, 2225, 859, 38°53′03″N 94°49′10″W, 38.8843°N 94.8195°W, 38.8843 -94.8195, 66051 66061 66062 66063
193, Orange, California, 139484, 136416, +2.25%, 25.4, 65.8, 5532, 2136, 33°47′13″N 117°51′41″W, 33.7870°N 117.8613°W, 33.7870 -117.8613, 92856–92869
194, Thornton, Colorado, 139436, 118772, +17.40%, 35.7, 92.5, 3829, 1478, 39°55′10″N 104°56′34″W, 39.9194°N 104.9428°W, 39.9194 -104.9428, Denver 80221  80229  80233  80241  80260Brighton 80602
195, Roseville, California, 139117, 118788, +17.11%, 43.0, 111.4, 3085, 1191, 38°46′08″N 121°19′08″W, 38.7690°N 121.3189°W, 38.7690 -121.3189, 95678  95661  95747
196, Denton, Texas, 138541, 113383, +22.19%, 93.4, 241.9, 1433, 553, 33°13′00″N 97°08′29″W, 33.2166°N 97.1414°W, 33.2166 -97.1414, 76201–76210
197, Waco, Texas, 138183, 124805, +10.72%, 89.0, 230.5, 1510, 580, 31°33′36″N 97°11′10″W, 31.5601°N 97.1860°W, 31.5601 -97.1860, 76700-76799
198, Surprise, Arizona, 138161, 117517, +17.57%, 107.9, 279.5, 1230, 470, 33°40′14″N 112°27′10″W, 33.6706°N 112.4527°W, 33.6706 -112.4527, 85374  85378-85379  85387-85388
199, Carrollton, Texas, 136879, 119097, +14.93%, 36.3, 94.0, 3674, 1419, 32°59′18″N 96°53′59″W, 32.9884°N 96.8998°W, 32.9884 -96.8998, 75006  75007  75010  75011
200, West Valley City, Utah, 136401, 129480, +5.35%, 35.5, 91.9, 3847, 1485, 40°41′19″N 112°00′42″W, 40.6885°N 112.0118°W, 40.6885 -112.0118, West Valley City error: parse didn't find zip codes
201, Charleston, South Carolina, 136208, 120083, +13.43%, 109.0, 282.3, 1233, 476, 32°49′04″N 79°57′32″W, 32.8179°N 79.9590°W, 32.8179 -79.9590, 29401  29403  29405  29407  29409  29412  29414  29424  29425  29455  29492
202, Warren, Michigan, 134587, 134056, +0.40%, 34.4, 89.1, 3928, 1517, 42°29′34″N 83°01′30″W, 42.4929°N 83.0250°W, 42.4929 -83.0250, 48088  48089  48090  48091  48092  48093  48397
203, Hampton, Virginia, 134313, 137436, −2.27%, 51.5, 133.4, 2629, 1015, 37°02′53″N 76°17′50″W, 37.0480°N 76.2971°W, 37.0480 -76.2971, Hampton error: parse didn't find zip codes
204, Gainesville, Florida, 133857, 124354, +7.64%, 62.3, 161.4, 2112, 815, 29°40′44″N 82°20′46″W, 29.6788°N 82.3461°W, 29.6788 -82.3461, 32601–32614  32627  32635  32641  32653
205, Visalia, California, 133800, 124442, +7.52%, 37.5, 97.1, 3495, 1349, 36°19′38″N 119°19′44″W, 36.3273°N 119.3289°W, 36.3273 -119.3289, 93277-93279  93290-93292
206, Coral Springs, Florida, 133507, 121096, +10.25%, 23.8, 61.6, 5465, 2110, 26°16′15″N 80°15′33″W, 26.2707°N 80.2593°W, 26.2707 -80.2593, 33065  33067  33071  33073  33075  33076  33077
207, Columbia, South Carolina, 133451, 129272, +3.23%, 133.5, 345.8, 1006, 388, 34°01′45″N 80°53′53″W, 34.0291°N 80.8980°W, 34.0291 -80.8980, 29201  29203-6  29209-10  29212  29223  29225  29229
208, Cedar Rapids, Iowa, 133174, 126326, +5.42%, 70.8, 183.4, 1852, 715, 41°58′01″N 91°40′40″W, 41.9670°N 91.6778°W, 41.9670 -91.6778, 52227  52228  52233  52324  52338  52401-11  52497-99
209, Sterling Heights, Michigan, 132964, 129699, +2.52%, 36.5, 94.5, 3628, 1401, 42°34′52″N 83°01′49″W, 42.5812°N 83.0303°W, 42.5812 -83.0303, 48310  48311  48312  48313  48314
210, New Haven, Connecticut, 130418, 129779, +0.49%, 18.7, 48.4, 6948, 2683, 41°18′39″N 72°55′30″W, 41.3108°N 72.9250°W, 41.3108 -72.9250, 06501–06540
211, Stamford, Connecticut, 129775, 122643, +5.82%, 37.6, 97.4, 3434, 1326, 41°04′48″N 73°32′46″W, 41.0799°N 73.5460°W, 41.0799 -73.5460, 069xx
212, Concord, California, 129688, 122067, +6.24%, 30.5, 79.0, 4221, 1630, 37°58′20″N 122°00′06″W, 37.9722°N 122.0016°W, 37.9722 -122.0016, 94518–94521
213, Kent, Washington, 129618, 92411, +40.26%, 33.7, 87.3, 3784, 1461, 47°23′17″N 122°12′46″W, 47.3880°N 122.2127°W, 47.3880 -122.2127, 98030  98031  98032  98035  98042  98064  98089
214, Santa Clara, California, 129488, 116468, +11.18%, 18.4, 47.7, 6845, 2643, 37°21′53″N 121°58′04″W, 37.3646°N 121.9679°W, 37.3646 -121.9679, 95050 95051 95054
215, Elizabeth, New Jersey, 128885, 124969, +3.13%, 12.3, 31.9, 10459, 4038, 40°39′59″N 74°11′37″W, 40.6664°N 74.1935°W, 40.6664 -74.1935, 07201 – Union Square station07202 – Bayway station07206 – Elizabethport station07207 – P.O. Boxes07208 – Elmora station
216, Round Rock, Texas, 128739, 99887, +28.88%, 35.6, 92.2, 3396, 1311, 30°31′31″N 97°39′58″W, 30.5252°N 97.6660°W, 30.5252 -97.6660, 78664  78665  78680—78683
217, Thousand Oaks, California, 127690, 126683, +0.79%, 55.2, 143.0, 2335, 902, 34°11′36″N 118°52′27″W, 34.1933°N 118.8742°W, 34.1933 -118.8742, 91359  91320  91360–91362
218, Lafayette, Louisiana, 126143, 120623, +4.58%, 53.8, 139.3, 2372, 916, 30°12′27″N 92°01′43″W, 30.2074°N 92.0285°W, 30.2074 -92.0285, 70501–9  70593  70596  70598
219, Athens, Georgia, 125964, 115452, +9.11%, 116.4, 301.5, 1060, 410, 33°56′59″N 83°22′12″W, 33.9496°N 83.3701°W, 33.9496 -83.3701, 30601  30602  30603  30604  30605  30606  30607  30608  30609  30612
220, Topeka, Kansas, 125904, 127473, −1.23%, 61.5, 159.3, 2062, 796, 39°02′05″N 95°41′46″W, 39.0347°N 95.6962°W, 39.0347 -95.6962, 66601-66612  66614-66622  66624-66626  66628-66629  66636-66637  66642  66647  66652-66653  66667  66675  66683  66692  66699
221, Simi Valley, California, 125851, 124237, +1.30%, 41.5, 107.5, 3044, 1175, 34°16′01″N 118°44′55″W, 34.2669°N 118.7485°W, 34.2669 -118.7485, 93062–93065  93093–93094  93099
222, Fargo, North Dakota, 124844, 105549, +18.28%, 49.3, 127.7, 2450, 950, 46°51′55″N 96°49′44″W, 46.8652°N 96.8290°W, 46.8652 -96.8290, 58102-58109  58121-58122  58124-58126
223, Norman, Oklahoma, 123471, 110925, +11.31%, 178.8, 463.1, 683, 264, 35°14′26″N 97°20′43″W, 35.2406°N 97.3453°W, 35.2406 -97.3453, Norman error: parse didn't find zip codes
224, Columbia, Missouri, 123180, 108500, +13.53%, 65.0, 168.3, 1856, 717, 38°57′06″N 92°19′43″W, 38.951561°N 92.328638°W, 38.951561 -92.328638, 65201  65202  65203  65211
225, Abilene, Texas, 122999, 117063, +5.07%, 106.7, 276.4, 1146, 442, 32°27′16″N 99°44′17″W, 32.4545°N 99.7381°W, 32.4545 -99.7381, 79601-08 79697-99
226, Wilmington, North Carolina, 122607, 106476, +15.15%, 51.6, 133.6, 2278, 880, 34°12′33″N 77°53′09″W, 34.2092°N 77.8858°W, 34.2092 -77.8858, 28401-28412
227, Hartford, Connecticut, 122587, 124775, −1.75%, 17.4, 45.1, 7083, 2735, 41°45′57″N 72°40′54″W, 41.7659°N 72.6816°W, 41.7659 -72.6816, 061xx
228, Victorville, California, 122312, 115903, +5.53%, 73.3, 189.8, 1668, 644, 34°31′40″N 117°21′13″W, 34.5277°N 117.3536°W, 34.5277 -117.3536, 92392–92395
229, Pearland, Texas, 122149, 91252, +33.86%, 46.3, 119.9, 2453, 947, 29°33′21″N 95°19′23″W, 29.5558°N 95.3231°W, 29.5558 -95.3231, 77581  77584  77588
230, Vallejo, California, 121913, 115942, +5.15%, 30.7, 79.5, 3951, 1525, 38°06′28″N 122°15′50″W, 38.1079°N 122.2640°W, 38.1079 -122.2640, 94589  94590  94591  94592
231, Ann Arbor, Michigan, 121890, 113934, +6.98%, 28.1, 72.8, 4298, 1659, 42°16′34″N 83°43′51″W, 42.2761°N 83.7309°W, 42.2761 -83.7309, 48103  48104  48105  48106  48107  48108  48109  48113
232, Berkeley, California, 121643, 112580, +8.05%, 10.5, 27.2, 11547, 4458, 37°52′01″N 122°17′57″W, 37.8670°N 122.2991°W, 37.8670 -122.2991, 94701–94710  94712  94720
233, Allentown, Pennsylvania, 121433, 118032, +2.88%, 17.5, 45.3, 6882, 2657, 40°35′37″N 75°28′42″W, 40.5936°N 75.4784°W, 40.5936 -75.4784, 18101  18102  18103  18104  18105  18106  18109  18175  18195
234, Richardson, Texas, 120981, 99223, +21.93%, 28.6, 74.1, 3963, 1530, 32°58′20″N 96°42′29″W, 32.9723°N 96.7081°W, 32.9723 -96.7081, 75080-75083  75085
235, Odessa, Texas, 120568, 99940, +20.64%, 45.2, 117.1, 2608, 1007, 31°53′02″N 102°20′28″W, 31.8838°N 102.3411°W, 31.8838 -102.3411, 79760-69
236, Arvada, Colorado, 120492, 106433, +13.21%, 38.6, 100.0, 3043, 1175, 39°50′01″N 105°09′01″W, 39.8337°N 105.1503°W, 39.8337 -105.1503, 80001-80007 and 80403
237, Cambridge, Massachusetts, 118977, 105162, +13.14%, 6.4, 16.6, 17289, 6675, 42°22′34″N 71°07′07″W, 42.3760°N 71.1187°W, 42.3760 -71.1187, 02138  02139  02140  02141  02142
238, Sugar Land, Texas, 118600, 78817, +50.48%, 34.0, 88.1, 3488, 1347, 29°35′58″N 95°36′51″W, 29.5994°N 95.6142°W, 29.5994 -95.6142, 77478-79  77487  77496  and 77498
239, Beaumont, Texas, 118428, 118296, +0.11%, 82.1, 212.6, 1441, 556, 30°05′06″N 94°08′43″W, 30.0849°N 94.1453°W, 30.0849 -94.1453, 77701–77710  77713  77720  77725  77726
240, Lansing, Michigan, 118427, 114297, +3.61%, 39.1, 101.3, 2967, 1146, 42°42′51″N 84°33′33″W, 42.7143°N 84.5593°W, 42.7143 -84.5593, 48901-48980
241, Evansville, Indiana, 117963, 117429, +0.45%, 47.3, 122.5, 2526, 975, 37°59′16″N 87°32′05″W, 37.9877°N 87.5347°W, 37.9877 -87.5347, 40 total ZIP codes:  47701  47702  47703  47704  47705  47706  47708  47710  47711  47712  47713  47714  47715  47716  47719  47720  47721  47722  47724  47725  47726  47727  47728  47730  47731  47732  47733  47734  47735  47736  47737  47739  47740  47741  47744  47747  47750  47755  47761  47777
242, Rochester, Minnesota, 116961, 106769, +9.55%, 54.6, 141.4, 2088, 806, 44°00′55″N 92°28′38″W, 44.0154°N 92.4772°W, 44.0154 -92.4772, 55901  55902  55903  55904  55905  55906
243, Independence, Missouri, 116925, 116830, +0.08%, 77.8, 201.5, 1504, 581, 39°05′08″N 94°21′08″W, 39.0855°N 94.3521°W, 39.0855 -94.3521, 64050-64057
244, Fairfield, California, 116884, 105321, +10.98%, 40.9, 105.9, 2806, 1083, 38°15′33″N 122°01′56″W, 38.2593°N 122.0321°W, 38.2593 -122.0321, 94533–94535
245, Provo, Utah, 116702, 112488, +3.75%, 41.7, 108.0, 2803, 1082, 40°14′43″N 111°38′41″W, 40.2453°N 111.6448°W, 40.2453 -111.6448, 84601-84606
246, Clearwater, Florida, 116478, 107685, +8.17%, 25.9, 67.1, 4415, 1705, 27°58′44″N 82°46′00″W, 27.9789°N 82.7666°W, 27.9789 -82.7666, 33755–33769
247, College Station, Texas, 116218, 93857, +23.82%, 51.0, 132.1, 2199, 849, 30°35′07″N 96°17′47″W, 30.5852°N 96.2964°W, 30.5852 -96.2964, 77840-77845
248, West Jordan, Utah, 116046, 103712, +11.89%, 32.3, 83.7, 3520, 1360, 40°36′09″N 112°00′03″W, 40.6024°N 112.0008°W, 40.6024 -112.0008, 84081  84084  84088
249, Carlsbad, California, 115877, 105328, +10.02%, 37.7, 97.6, 3023, 1167, 33°07′26″N 117°16′58″W, 33.1239°N 117.2828°W, 33.1239 -117.2828, 92008–92011  92018
250, El Monte, California, 115586, 113475, +1.86%, 9.6, 24.9, 12063, 4658, 34°04′29″N 118°01′45″W, 34.0746°N 118.0291°W, 34.0746 -118.0291, 91731–91735
251, Murrieta, California, 114985, 103466, +11.13%, 33.6, 87.0, 3324, 1283, 33°34′20″N 117°11′25″W, 33.5721°N 117.1904°W, 33.5721 -117.1904, 92562–92564
252, Temecula, California, 114742, 100097, +14.63%, 37.3, 96.6, 3031, 1170, 33°29′35″N 117°07′54″W, 33.4931°N 117.1317°W, 33.4931 -117.1317, 92589–92593
253, Springfield, Illinois, 114694, 116250, −1.34%, 60.1, 155.7, 1925, 743, 39°47′28″N 89°38′41″W, 39.7911°N 89.6446°W, 39.7911 -89.6446, ZIP codes  62701–62708  62711  62712  62715  62716  62719  62722  62723  62726  62736  62739  62756  62757  62761–62767  62769  62776  62777  62781  62786  62791  62794  62796
254, Palm Bay, Florida, 114194, 103190, +10.66%, 65.7, 170.2, 1676, 647, 27°59′08″N 80°39′45″W, 27.9856°N 80.6626°W, 27.9856 -80.6626, 32905-32911
255, Costa Mesa, California, 113615, 109960, +3.32%, 15.7, 40.7, 7186, 2775, 33°39′57″N 117°54′44″W, 33.6659°N 117.9123°W, 33.6659 -117.9123, 92626–92628
256, Westminster, Colorado, 113479, 106114, +6.94%, 31.7, 82.1, 3592, 1387, 39°52′56″N 105°03′52″W, 39.8822°N 105.0644°W, 39.8822 -105.0644, 80003  80005  80020-80021  80023  80030-80031  80035-80036  80221  80234  80241  80260
257, North Charleston, South Carolina, 113237, 97471, +16.18%, 73.7, 190.9, 1483, 573, 32°55′04″N 80°03′54″W, 32.9178°N 80.0650°W, 32.9178 -80.0650, North Charleston error: parse didn't find zip codes
258, Miami Gardens, Florida, 113069, 107167, +5.51%, 18.2, 47.1, 6212, 2398, 25°56′56″N 80°14′37″W, 25.9489°N 80.2436°W, 25.9489 -80.2436, 33014  33054  33055  33056  33152  33169
259, Manchester, New Hampshire, 112525, 109565, +2.70%, 33.1, 85.7, 3339, 1289, 42°59′06″N 71°26′39″W, 42.9849°N 71.4441°W, 42.9849 -71.4441, 03101-03111 (03110 assigned to suburb Bedford)
260, High Point, North Carolina, 112316, 104371, +7.61%, 55.2, 143.0, 2015, 778, 35°59′24″N 79°59′26″W, 35.9900°N 79.9905°W, 35.9900 -79.9905, 27260-27265
261, Downey, California, 112269, 111772, +0.44%, 12.4, 32.1, 9134, 3527, 33°56′18″N 118°07′51″W, 33.9382°N 118.1309°W, 33.9382 -118.1309, 90239–90242
262, Clovis, California, 112022, 95631, +17.14%, 24.2, 62.7, 4404, 1700, 36°49′42″N 119°41′06″W, 36.8282°N 119.6849°W, 36.8282 -119.6849, 93611–93613 and 93619
263, Pompano Beach, Florida, 111954, 99845, +12.13%, 24.0, 62.2, 4558, 1760, 26°14′30″N 80°08′02″W, 26.2416°N 80.1339°W, 26.2416 -80.1339, 33060-33077  33093  33097
264, Pueblo, Colorado, 111750, 106595, +4.84%, 53.6, 138.8, 2058, 795, 38°16′12″N 104°36′44″W, 38.2699°N 104.6123°W, 38.2699 -104.6123, 81001-81012
265, Elgin, Illinois, 111683, 108188, +3.23%, 37.4, 96.9, 2998, 1158, 42°02′23″N 88°19′18″W, 42.0396°N 88.3217°W, 42.0396 -88.3217, 60120–60125
266, Lowell, Massachusetts, 111670, 106519, +4.84%, 13.6, 35.2, 8129, 3139, 42°38′20″N 71°19′16″W, 42.6390°N 71.3211°W, 42.6390 -71.3211, 01850  01851  01852  01853  01854
267, Antioch, California, 111535, 102372, +8.95%, 29.4, 76.1, 3772, 1456, 37°58′45″N 121°47′46″W, 37.9791°N 121.7962°W, 37.9791 -121.7962, 94509  94531
268, West Palm Beach, Florida, 111398, 99919, +11.49%, 55.1, 142.7, 1963, 758, 26°44′47″N 80°07′30″W, 26.7464°N 80.1251°W, 26.7464 -80.1251, 33401–33422
269, Peoria, Illinois, 111388, 115007, −3.15%, 48.2, 124.8, 2371, 915, 40°45′05″N 89°37′03″W, 40.7515°N 89.6174°W, 40.7515 -89.6174, 29 total ZIP codes:  61601-61607  61612-61615  61625  61629  61630  61633  61634  61636-61639  61641  61643  61650-61656
270, Everett, Washington, 111262, 103019, +8.00%, 33.3, 86.2, 3275, 1264, 47°57′24″N 122°11′29″W, 47.9566°N 122.1914°W, 47.9566 -122.1914, 98201  98203  98204  98206  98207  98208  98213
271, Ventura[aa], California, 111128, 106433, +4.41%, 21.8, 56.5, 5027, 1941, 34°16′04″N 119°15′15″W, 34.2678°N 119.2542°W, 34.2678 -119.2542, 93001–93007  93009
272, Centennial, Colorado, 110831, 100377, +10.41%, 29.5, 76.4, 3727, 1439, 39°35′26″N 104°52′09″W, 39.5906°N 104.8691°W, 39.5906 -104.8691, 80015-80016  80111-80112  80121-80122 80161 (PO Box)
273, Lakeland, Florida, 110516, 97422, +13.44%, 65.9, 170.7, 1615, 624, 28°03′20″N 81°57′18″W, 28.0555°N 81.9549°W, 28.0555 -81.9549, 33801–33815
274, Gresham, Oregon, 110158, 105594, +4.32%, 23.3, 60.3, 4786, 1848, 45°30′08″N 122°26′30″W, 45.5023°N 122.4416°W, 45.5023 -122.4416, 97030  97080  97233
275, Richmond, California, 110146, 103701, +6.21%, 30.1, 78.0, 3648, 1409, 37°57′08″N 122°21′38″W, 37.9523°N 122.3606°W, 37.9523 -122.3606, 94801  94802  94804  94805  94807  94808  94850
276, Billings, Montana, 109550, 104170, +5.16%, 43.7, 113.2, 2525, 975, 45°47′19″N 108°33′00″W, 45.7885°N 108.5499°W, 45.7885 -108.5499, 59101-59117
277, Inglewood, California, 109419, 109673, −0.23%, 9.1, 23.6, 12160, 4700, 33°57′22″N 118°20′39″W, 33.9561°N 118.3443°W, 33.9561 -118.3443, 90301–90312
278, Broken Arrow, Oklahoma, 109171, 98850, +10.44%, 61.7, 159.8, 1741, 672, 36°02′11″N 95°46′52″W, 36.0365°N 95.7810°W, 36.0365 -95.7810, 74011-74014
279, Sandy Springs, Georgia, 108797, 93853, +15.92%, 37.7, 97.6, 2804, 1083, 33°55′53″N 84°22′07″W, 33.9315°N 84.3687°W, 33.9315 -84.3687, 30328  30327  30338  30342  30350  30358  30319  30092
280, Jurupa Valley, California, 108393, 0, NA[ab], 42.9, 111.1, 2414, 932, 34°00′09″N 117°28′03″W, 34.0026°N 117.4676°W, 34.0026 -117.4676, 92509  91752
281, Hillsboro, Oregon, 108389, 91611, +18.31%, 25.0, 64.7, 4207, 1624, 45°31′41″N 122°56′09″W, 45.5280°N 122.9357°W, 45.5280 -122.9357, 97123  97124  97006
282, Waterbury, Connecticut, 108093, 110366, −2.06%, 28.5, 73.8, 3799, 1467, 41°33′31″N 73°02′12″W, 41.5585°N 73.0367°W, 41.5585 -73.0367, 06701–06720
283, Santa Maria, California, 107408, 99553, +7.89%, 22.8, 59.1, 4662, 1800, 34°56′00″N 120°26′38″W, 34.9332°N 120.4438°W, 34.9332 -120.4438, 93454–93458
284, Boulder, Colorado, 107353, 97385, +10.24%, 24.8, 64.2, 4358, 1683, 40°01′37″N 105°15′07″W, 40.0270°N 105.2519°W, 40.0270 -105.2519, 80301-80310  80314  80321-80323  80328  80329
285, Greeley, Colorado, 107348, 92889, +15.57%, 47.8, 123.8, 2176, 840, 40°24′55″N 104°46′11″W, 40.4153°N 104.7697°W, 40.4153 -104.7697, 80631-80634 & 80638-80639
286, Daly City, California, 107008, 101123, +5.82%, 7.6, 19.7, 14009, 5409, 37°42′03″N 122°27′54″W, 37.7009°N 122.4650°W, 37.7009 -122.4650, 94014–94017
287, Meridian, Idaho, 106804, 75092, +42.23%, 29.8, 77.2, 3584, 1384, 43°36′51″N 116°23′56″W, 43.6142°N 116.3989°W, 43.6142 -116.3989, 83642  83646  83680
288, Lewisville, Texas, 106586, 95290, +11.85%, 36.7, 95.1, 2852, 1101, 33°02′48″N 96°58′54″W, 33.0466°N 96.9818°W, 33.0466 -96.9818, 75029  75057  75067  75077
289, Davie[ac], Florida, 106558, 91992, +15.83%, 34.9, 90.4, 2919, 1127, 26°04′45″N 80°17′06″W, 26.0791°N 80.2850°W, 26.0791 -80.2850, 33312  33314  33317  33324-33332  33355  33331
290, West Covina, California, 106311, 106098, +0.20%, 16.0, 41.4, 6740, 2600, 34°03′21″N 117°54′36″W, 34.0559°N 117.9099°W, 34.0559 -117.9099, 91790–91793
291, League City, Texas, 106244, 83560, +27.15%, 51.2, 132.6, 1992, 769, 29°29′24″N 95°06′33″W, 29.4901°N 95.1091°W, 29.4901 -95.1091, 77573-77574
292, Tyler, Texas, 105729, 96900, +9.11%, 56.6, 146.6, 1852, 715, 32°19′02″N 95°18′21″W, 32.3173°N 95.3059°W, 32.3173 -95.3059, 757xx
293, Norwalk, California, 105120, 105549, −0.41%, 9.7, 25.1, 10946, 4226, 33°54′27″N 118°05′01″W, 33.9076°N 118.0835°W, 33.9076 -118.0835, 90650–90652  90659
294, San Mateo, California, 105025, 97207, +8.04%, 12.1, 31.3, 8592, 3317, 37°33′37″N 122°18′38″W, 37.5603°N 122.3106°W, 37.5603 -122.3106, 94401–94404  94497
295, Green Bay, Wisconsin, 104879, 104057, +0.79%, 45.4, 117.6, 2316, 894, 44°31′15″N 87°59′03″W, 44.5207°N 87.9842°W, 44.5207 -87.9842, 54301-08  54311  54313  54324  54344
296, Wichita Falls, Texas, 104576, 104553, +0.02%, 72.2, 187.0, 1450, 560, 33°54′24″N 98°31′33″W, 33.9067°N 98.5259°W, 33.9067 -98.5259, 76301-11
297, Sparks, Nevada, 104246, 90264, +15.49%, 35.9, 93.0, 2810, 1080, 39°33′16″N 119°44′08″W, 39.5544°N 119.7356°W, 39.5544 -119.7356, 89431–89437
298, Lakewood[ad], New Jersey, 104157, 92843, +12.19%, 24.7, 64.0, 4079, 1575, 40°04′38″N 74°12′01″W, 40.0771°N 74.2004°W, 40.0771 -74.2004, 08701
299, Burbank, California, 103695, 103340, +0.34%, 17.4, 45.1, 6003, 2318, 34°11′24″N 118°19′35″W, 34.1901°N 118.3264°W, 34.1901 -118.3264, 91501–91508  91510  91521–91523  91526
300, Rialto, California, 103440, 99171, +4.30%, 22.3, 57.8, 4633, 1789, 34°06′42″N 117°23′18″W, 34.1118°N 117.3883°W, 34.1118 -117.3883, 92376–92377
301, Allen, Texas, 103383, 84246, +22.72%, 27.1, 70.2, 3715, 1434, 33°05′59″N 96°39′47″W, 33.0997°N 96.6631°W, 33.0997 -96.6631, 75002  75013
302, El Cajon, California, 103241, 99478, +3.78%, 14.5, 37.6, 7156, 2763, 32°48′06″N 116°57′37″W, 32.8017°N 116.9604°W, 32.8017 -116.9604, 92019–92022  92090
303, Las Cruces, New Mexico, 102926, 97618, +5.44%, 76.9, 199.2, 1323, 511, 32°19′35″N 106°47′23″W, 32.3264°N 106.7897°W, 32.3264 -106.7897, Las Cruces error: parse didn't find zip codes
304, Renton, Washington, 102153, 90927, +12.35%, 23.4, 60.6, 4314, 1666, 47°28′34″N 122°11′31″W, 47.4761°N 122.1920°W, 47.4761 -122.1920, 98055–98059
305, Davenport, Iowa, 102085, 99685, +2.41%, 62.9, 162.9, 1631, 630, 41°33′15″N 90°36′14″W, 41.5541°N 90.6040°W, 41.5541 -90.6040, 52801–52809
306, South Bend, Indiana, 101860, 101168, +0.68%, 41.4, 107.2, 2457, 949, 41°40′37″N 86°16′08″W, 41.6769°N 86.2690°W, 41.6769 -86.2690, 46601  46604  46612–46617  46619–46620  46624  46626  46628–46629  46634–46635  46637  46660  46680  46699
307, Vista, California, 101224, 93834, +7.88%, 18.7, 48.4, 5436, 2099, 33°11′22″N 117°14′19″W, 33.1895°N 117.2386°W, 33.1895 -117.2386, 92081  92083–92085
308, Tuscaloosa, Alabama, 101113, 90468, +11.77%, 71.7, 185.7, 1399, 540, 33°12′23″N 87°32′05″W, 33.2065°N 87.5346°W, 33.2065 -87.5346, 35401-35407  35485-35487
309, Clinton[ae], Michigan, 100800, 96796, +4.14%, 28.1, 72.8, 3573, 1380, 42°35′25″N 82°55′01″W, 42.5903°N 82.9170°W, 42.5903 -82.9170, 48035  48036  48038
310, Edison[ad], New Jersey, 100693, 99967, +0.73%, 30.1, 78.0, 3389, 1309, 40°30′14″N 74°20′58″W, 40.5040°N 74.3494°W, 40.5040 -74.3494, 08817  08818  08820  08837  08899
311, Woodbridge[ad], New Jersey, 100450, 99585, +0.87%, 23.3, 60.3, 4351, 1680, 40°33′39″N 74°17′34″W, 40.5607°N 74.2927°W, 40.5607 -74.2927, 07001 - Avenel07064 - Port Reading07067 - Colonia07077 - Sewaren07095 - Woodbridge08830 - Iselin08832 - Keasbey08840 - Menlo Park Terrace08861 - Hopelawn08863 - Fords
312, San Angelo, Texas, 100215, 93200, +7.53%, 59.9, 155.1, 1681, 649, 31°26′28″N 100°27′02″W, 31.4411°N 100.4505°W, 31.4411 -100.4505, 76901-09
313, Kenosha, Wisconsin, 100164, 99218, +0.95%, 28.0, 72.5, 3577, 1381, 42°34′56″N 87°50′44″W, 42.5822°N 87.8456°W, 42.5822 -87.8456, 53140–53144
